ID,Site,Location,Cover,Material,Cultivation,Sampling date,Transect,Field replicate,Row,Sample Name,Separation CW,Separation day,Soil mass,Comment,Density solution,Extract,Dilution
1,1,Offenbach,"Fleece, perforated foil","PP, PE",Strawberry,2018-04-16,Field center,1,Planting,ZS-2001,2021-9,Thu,50.01,,250,7.76,1.02
2,1,Offenbach,"Fleece, perforated foil","PP, PE",Strawberry,2018-04-16,Field center,2,Planting,ZS-2002,2021-9,Fri,50.01,,250,7.76,1.02
3,1,Offenbach,"Fleece, perforated foil","PP, PE",Strawberry,2018-04-16,Field center,3,Planting,ZS-2003,2021-9,Thu,50.02,,250,7.76,1.02
4,1,Offenbach,"Fleece, perforated foil","PP, PE",Strawberry,2018-04-16,Field center,4,Planting,ZS-2004,2021-9,Fri,50,,250,7.76,1.02
5,1,Offenbach,"Fleece, perforated foil","PP, PE",Strawberry,2018-04-16,Field center,5,Planting,ZS-2005,2021-10,Mon,50,,250,7.76,1.02
6,1,Offenbach,"Fleece, perforated foil","PP, PE",Strawberry,2018-04-16,Field center,1,Track,ZS-2006,2021-9,Fri,49.98,,250,7.76,1.02
7,1,Offenbach,"Fleece, perforated foil","PP, PE",Strawberry,2018-04-16,Field center,2,Track,ZS-2007,2021-9,Thu,50.01,,250,7.76,1.02
8,1,Offenbach,"Fleece, perforated foil","PP, PE",Strawberry,2018-04-16,Field center,3,Track,ZS-2008,2021-9,Fri,50.04,,250,7.76,1.02
9,1,Offenbach,"Fleece, perforated foil","PP, PE",Strawberry,2018-04-16,Field center,4,Track,ZS-2009,2021-9,Thu,50.04,,250,7.76,1.02
10,1,Offenbach,"Fleece, perforated foil","PP, PE",Strawberry,2018-04-16,Field center,5,Track,ZS-2010,2021-9,Fri,50.01,,250,7.76,1.02
11,1,Offenbach,"Fleece, perforated foil","PP, PE",Strawberry,2018-04-16,Field edge,1,Planting,ZS-2011,2021-9,Tue,50.04,,250,7.76,1.02
12,1,Offenbach,"Fleece, perforated foil","PP, PE",Strawberry,2018-04-16,Field edge,2,Planting,ZS-2012,2021-9,Wed,50.03,,250,7.76,1.02
13,1,Offenbach,"Fleece, perforated foil","PP, PE",Strawberry,2018-04-16,Field edge,3,Planting,ZS-2013,2021-9,Tue,49.98,,250,7.76,1.02
14,1,Offenbach,"Fleece, perforated foil","PP, PE",Strawberry,2018-04-16,Field edge,4,Planting,ZS-2014,2021-9,Thu,50.04,,250,7.76,1.02
15,1,Offenbach,"Fleece, perforated foil","PP, PE",Strawberry,2018-04-16,Field edge,5,Planting,ZS-2015,2021-9,Wed,50.02,,250,7.76,1.02
16,1,Offenbach,"Fleece, perforated foil","PP, PE",Strawberry,2018-04-16,Field edge,1,Track,ZS-2016,2021-2,Mon,50.01,,250,7.76,1.02
17,1,Offenbach,"Fleece, perforated foil","PP, PE",Strawberry,2018-04-16,Field edge,2,Track,ZS-2017,2021-9,Mon,50.02,,250,7.76,1.02
18,1,Offenbach,"Fleece, perforated foil","PP, PE",Strawberry,2018-04-16,Field edge,3,Track,ZS-2018,2021-9,Tue,50.02,,250,7.76,1.02
19,1,Offenbach,"Fleece, perforated foil","PP, PE",Strawberry,2018-04-16,Field edge,4,Track,ZS-2019,2021-9,Wed,50.01,,250,7.76,1.02
20,1,Offenbach,"Fleece, perforated foil","PP, PE",Strawberry,2018-04-16,Field edge,5,Track,ZS-2020,2021-9,Wed,50,,250,7.76,1.02
21,1,Offenbach,"Fleece, perforated foil","PP, PE",Strawberry,2018-04-16,Field margin,1,None,ZS-2021,2021-9,Mon,49.99,,250,7.76,1.02
22,1,Offenbach,"Fleece, perforated foil","PP, PE",Strawberry,2018-04-16,Field margin,2,None,ZS-2022,2021-9,Tue,50.03,,250,7.76,1.02
23,1,Offenbach,"Fleece, perforated foil","PP, PE",Strawberry,2018-04-16,Field margin,3,None,ZS-2023,2021-9,Mon,50.02,,250,7.76,1.02
24,1,Offenbach,"Fleece, perforated foil","PP, PE",Strawberry,2018-04-16,Field margin,4,None,ZS-2024,2021-9,Tue,50.02,,250,7.76,1.02
25,1,Offenbach,"Fleece, perforated foil","PP, PE",Strawberry,2018-04-16,Field margin,5,None,ZS-2025,2021-9,Wed,50.02,,250,7.76,1.02
26,1,Offenbach,"Fleece, perforated foil","PP, PE",Strawberry,2018-04-16,Periphery,1,None,ZS-2026,2021-2,Mon,50,,250,7.76,1.02
27,1,Offenbach,"Fleece, perforated foil","PP, PE",Strawberry,2018-04-16,Periphery,2,None,ZS-2027,2021-8,Fri,50.01,,250,7.76,1.02
28,1,Offenbach,"Fleece, perforated foil","PP, PE",Strawberry,2018-04-16,Periphery,3,None,ZS-2028,2021-8,Fri,50.04,,250,7.76,1.02
29,1,Offenbach,"Fleece, perforated foil","PP, PE",Strawberry,2018-04-16,Periphery,4,None,ZS-2029,2021-8,Fri,49.95,,250,7.76,1.02
30,1,Offenbach,"Fleece, perforated foil","PP, PE",Strawberry,2018-04-16,Periphery,5,None,ZS-2030,2021-9,Mon,50.01,,250,7.76,1.02
31,2,Offenbach,"Mulch, fleece","PE, PP",Strawberry,2018-04-16,Field center,1,Planting,ZS-2031,2021-8,Wed,49.99,,250,7.76,1.02
32,2,Offenbach,"Mulch, fleece","PE, PP",Strawberry,2018-04-16,Field center,2,Planting,ZS-2032,2021-8,Tue,50,,250,7.76,1.02
33,2,Offenbach,"Mulch, fleece","PE, PP",Strawberry,2018-04-16,Field center,3,Planting,ZS-2033,2021-8,Wed,49.99,,250,7.76,1.02
34,2,Offenbach,"Mulch, fleece","PE, PP",Strawberry,2018-04-16,Field center,4,Planting,ZS-2034,2021-8,Thu,49.99,,250,7.76,1.02
35,2,Offenbach,"Mulch, fleece","PE, PP",Strawberry,2018-04-16,Field center,5,Planting,ZS-2035,2021-8,Thu,50.04,,250,7.76,1.02
36,2,Offenbach,"Mulch, fleece","PE, PP",Strawberry,2018-04-16,Field center,1,Track,ZS-2036,2021-8,Fri,50.02,,250,7.76,1.02
37,2,Offenbach,"Mulch, fleece","PE, PP",Strawberry,2018-04-16,Field center,2,Track,ZS-2037,2021-8,Wed,50,,250,7.76,1.02
38,2,Offenbach,"Mulch, fleece","PE, PP",Strawberry,2018-04-16,Field center,3,Track,ZS-2038,2021-8,Thu,50.04,,250,7.76,1.02
39,2,Offenbach,"Mulch, fleece","PE, PP",Strawberry,2018-04-16,Field center,4,Track,ZS-2039,2021-8,Fri,49.98,,250,7.76,1.02
40,2,Offenbach,"Mulch, fleece","PE, PP",Strawberry,2018-04-16,Field center,5,Track,ZS-2040,2021-8,Thu,50,,250,7.76,1.02
41,2,Offenbach,"Mulch, fleece","PE, PP",Strawberry,2018-04-16,Field edge,1,Planting,ZS-2041,2021-7,,50.05,,250,7.76,1.02
42,2,Offenbach,"Mulch, fleece","PE, PP",Strawberry,2018-04-16,Field edge,2,Planting,ZS-2042,2021-7,,49.99,,250,7.76,1.02
43,2,Offenbach,"Mulch, fleece","PE, PP",Strawberry,2018-04-16,Field edge,3,Planting,ZS-2043,2021-8,Mon,49.99,,250,7.76,1.02
44,2,Offenbach,"Mulch, fleece","PE, PP",Strawberry,2018-04-16,Field edge,4,Planting,ZS-2044,2021-7,,49.98,,250,7.76,1.02
45,2,Offenbach,"Mulch, fleece","PE, PP",Strawberry,2018-04-16,Field edge,5,Planting,ZS-2045,2021-8,Mon,50.01,,250,7.76,1.02
46,2,Offenbach,"Mulch, fleece","PE, PP",Strawberry,2018-04-16,Field edge,1,Track,ZS-2046,2021-7,Wed,50.01,,250,7.76,1.02
47,2,Offenbach,"Mulch, fleece","PE, PP",Strawberry,2018-04-16,Field edge,2,Track,ZS-2047,2021-7,,50.01,,250,7.76,1.02
48,2,Offenbach,"Mulch, fleece","PE, PP",Strawberry,2018-04-16,Field edge,3,Track,ZS-2048,2021-7,,50.02,,250,7.76,1.02
49,2,Offenbach,"Mulch, fleece","PE, PP",Strawberry,2018-04-16,Field edge,4,Track,ZS-2049,2021-7,,50.01,,250,7.76,1.02
50,2,Offenbach,"Mulch, fleece","PE, PP",Strawberry,2018-04-16,Field edge,5,Track,ZS-2050,2021-7,,50.04,,250,7.76,1.02
51,2,Offenbach,"Mulch, fleece","PE, PP",Strawberry,2018-04-16,Field margin,1,None,ZS-2051,2021-7,Tue,50.04,,250,7.76,1.02
52,2,Offenbach,"Mulch, fleece","PE, PP",Strawberry,2018-04-16,Field margin,2,None,ZS-2052,2021-8,Tue,49.99,,250,7.76,1.02
53,2,Offenbach,"Mulch, fleece","PE, PP",Strawberry,2018-04-16,Field margin,3,None,ZS-2053,2021-8,Mon,50,,250,7.76,1.02
54,2,Offenbach,"Mulch, fleece","PE, PP",Strawberry,2018-04-16,Field margin,4,None,ZS-2054,2021-8,Tue,50.05,,250,7.76,1.02
55,2,Offenbach,"Mulch, fleece","PE, PP",Strawberry,2018-04-16,Field margin,5,None,ZS-2055,2021-8,Mon,50.01,,250,7.76,1.02
56,2,Offenbach,"Mulch, fleece","PE, PP",Strawberry,2018-04-16,Periphery,1,None,ZS-2056,2021-8,Tue,49.99,,250,7.76,1.02
57,2,Offenbach,"Mulch, fleece","PE, PP",Strawberry,2018-04-16,Periphery,2,None,ZS-2057,2021-8,Wed,50.05,,250,7.76,1.02
58,2,Offenbach,"Mulch, fleece","PE, PP",Strawberry,2018-04-16,Periphery,3,None,ZS-2058,2021-8,Tue,50.04,,250,7.76,1.02
59,2,Offenbach,"Mulch, fleece","PE, PP",Strawberry,2018-04-16,Periphery,4,None,ZS-2059,2021-8,Wed,49.99,,250,7.76,1.02
60,2,Offenbach,"Mulch, fleece","PE, PP",Strawberry,2018-04-16,Periphery,5,None,ZS-2060,2021-8,Thu,49.98,,250,7.76,1.02
61,3,Offenbach,Mulch,PE,Strawberry,2018-04-16,Field center,1,Planting,ZS-2061,2021-7,Mon,49.98,,250,7.76,1.02
62,3,Offenbach,Mulch,PE,Strawberry,2018-04-16,Field center,2,Planting,ZS-2062,2021-7,Tue,50.01,,250,7.76,1.02
63,3,Offenbach,Mulch,PE,Strawberry,2018-04-16,Field center,3,Planting,ZS-2063,2021-7,,50.02,,250,7.76,1.02
64,3,Offenbach,Mulch,PE,Strawberry,2018-04-16,Field center,4,Planting,ZS-2064,2021-7,Wed,50,,250,7.76,1.02
65,3,Offenbach,Mulch,PE,Strawberry,2018-04-16,Field center,5,Planting,ZS-2065,2021-7,,50,,250,7.76,1.02
66,3,Offenbach,Mulch,PE,Strawberry,2018-04-16,Field center,1,Track,ZS-2066,2021-7,Wed,49.97,,250,7.76,1.02
67,3,Offenbach,Mulch,PE,Strawberry,2018-04-16,Field center,2,Track,ZS-2067,2021-7,Tue,50.02,,250,7.76,1.02
68,3,Offenbach,Mulch,PE,Strawberry,2018-04-16,Field center,3,Track,ZS-2068,2021-7,,50,,250,7.76,1.02
69,3,Offenbach,Mulch,PE,Strawberry,2018-04-16,Field center,4,Track,ZS-2069,2021-7,Tue,50.03,,250,7.76,1.02
70,3,Offenbach,Mulch,PE,Strawberry,2018-04-16,Field center,5,Track,ZS-2070,2021-7,,49.99,,250,7.76,1.02
71,3,Offenbach,Mulch,PE,Strawberry,2018-04-16,Field edge,1,Planting,ZS-2071,2021-7,Mon,50,,250,7.76,1.02
72,3,Offenbach,Mulch,PE,Strawberry,2018-04-16,Field edge,2,Planting,ZS-2072,2021-7,Tue,49.97,,250,7.76,1.02
73,3,Offenbach,Mulch,PE,Strawberry,2018-04-16,Field edge,3,Planting,ZS-2073,2021-7,Tue,50.02,,250,7.76,1.02
74,3,Offenbach,Mulch,PE,Strawberry,2018-04-16,Field edge,4,Planting,ZS-2074,2021-7,Mon,50.03,,250,7.76,1.02
75,3,Offenbach,Mulch,PE,Strawberry,2018-04-16,Field edge,5,Planting,ZS-2075,2021-7,Wed,50.02,,250,7.76,1.02
76,3,Offenbach,Mulch,PE,Strawberry,2018-04-16,Field edge,1,Track,ZS-2076,2021-6,Wed,50.02,,250,7.76,1.02
77,3,Offenbach,Mulch,PE,Strawberry,2018-04-16,Field edge,2,Track,ZS-2077,2021-6,Fri,49.98,,250,7.76,1.02
78,3,Offenbach,Mulch,PE,Strawberry,2018-04-16,Field edge,3,Track,ZS-2078,2021-6,Thu,50,,250,7.76,1.02
79,3,Offenbach,Mulch,PE,Strawberry,2018-04-16,Field edge,4,Track,ZS-2079,2021-6,Fri,50.04,,250,7.76,1.02
80,3,Offenbach,Mulch,PE,Strawberry,2018-04-16,Field edge,5,Track,ZS-2080,2021-6,Thu,50.02,,250,7.76,1.02
81,3,Offenbach,Mulch,PE,Strawberry,2018-04-16,Field margin,1,None,ZS-2081,2021-6,Thu,50.01,,250,7.76,1.02
82,3,Offenbach,Mulch,PE,Strawberry,2018-04-16,Field margin,2,None,ZS-2082,2021-6,Wed,50,,250,7.76,1.02
83,3,Offenbach,Mulch,PE,Strawberry,2018-04-16,Field margin,3,None,ZS-2083,2021-6,Fri,50.01,,250,7.76,1.02
84,3,Offenbach,Mulch,PE,Strawberry,2018-04-16,Field margin,4,None,ZS-2084,2021-6,Wed,50.01,,250,7.76,1.02
85,3,Offenbach,Mulch,PE,Strawberry,2018-04-16,Field margin,5,None,ZS-2085,2021-6,Fri,49.98,,250,7.76,1.02
86,3,Offenbach,Mulch,PE,Strawberry,2018-04-16,Periphery,1,None,ZS-2086,2021-6,Tue,50.03,,250,7.76,1.02
87,3,Offenbach,Mulch,PE,Strawberry,2018-04-16,Periphery,2,None,ZS-2087,2021-6,Wed,50.04,,250,7.76,1.02
88,3,Offenbach,Mulch,PE,Strawberry,2018-04-16,Periphery,3,None,ZS-2088,2021-6,Thu,49.98,,250,7.76,1.02
89,3,Offenbach,Mulch,PE,Strawberry,2018-04-16,Periphery,4,None,ZS-2089,2021-6,Wed,50.01,,250,7.76,1.02
90,3,Offenbach,Mulch,PE,Strawberry,2018-04-16,Periphery,5,None,ZS-2090,2021-6,Thu,50.02,,250,7.76,1.02
91,4,Schifferstadt,"Fleece, perforated foil","PE, PE",Lettuce,2018-04-26,Field center,1,Planting,ZS-2091,2020-51,,50.06,,250,7.76,1.02
92,4,Schifferstadt,"Fleece, perforated foil","PE, PE",Lettuce,2018-04-26,Field center,2,Planting,ZS-2092,2020-51,,50.04,,250,7.76,1.02
93,4,Schifferstadt,"Fleece, perforated foil","PE, PE",Lettuce,2018-04-26,Field center,3,Planting,ZS-2093,2020-51,,50.04,,250,7.76,1.02
94,4,Schifferstadt,"Fleece, perforated foil","PE, PE",Lettuce,2018-04-26,Field center,4,Planting,ZS-2094,2020-51,,50.06,,250,7.76,1.02
95,4,Schifferstadt,"Fleece, perforated foil","PE, PE",Lettuce,2018-04-26,Field center,5,Planting,ZS-2095,2020-51,,50,,250,7.76,1.02
96,4,Schifferstadt,"Fleece, perforated foil","PE, PE",Lettuce,2018-04-26,Field center,1,Track,ZS-2096,2021-5,Fri,50.01,,250,7.76,1.02
97,4,Schifferstadt,"Fleece, perforated foil","PE, PE",Lettuce,2018-04-26,Field center,2,Track,ZS-2097,2021-5,Wed,50.03,,250,7.76,1.02
98,4,Schifferstadt,"Fleece, perforated foil","PE, PE",Lettuce,2018-04-26,Field center,3,Track,ZS-2098,2021-6,Tue,50.01,,250,7.76,1.02
99,4,Schifferstadt,"Fleece, perforated foil","PE, PE",Lettuce,2018-04-26,Field center,4,Track,ZS-2099,2021-6,Mon,50.01,,250,7.76,1.02
100,4,Schifferstadt,"Fleece, perforated foil","PE, PE",Lettuce,2018-04-26,Field center,5,Track,ZS-2100,2021-6,Tue,50.04,,250,7.76,1.02
101,4,Schifferstadt,"Fleece, perforated foil","PE, PE",Lettuce,2018-04-26,Field edge,1,Planting,ZS-2101,2021-6,Tue,50,,250,7.76,1.02
102,4,Schifferstadt,"Fleece, perforated foil","PE, PE",Lettuce,2018-04-26,Field edge,2,Planting,ZS-2102,2021-6,Mon,50,,250,7.76,1.02
103,4,Schifferstadt,"Fleece, perforated foil","PE, PE",Lettuce,2018-04-26,Field edge,3,Planting,ZS-2103,2021-5,Fri,50.04,,250,7.76,1.02
104,4,Schifferstadt,"Fleece, perforated foil","PE, PE",Lettuce,2018-04-26,Field edge,4,Planting,ZS-2104,2021-6,Mon,50.03,,250,7.76,1.02
105,4,Schifferstadt,"Fleece, perforated foil","PE, PE",Lettuce,2018-04-26,Field edge,5,Planting,ZS-2105,2021-5,Fri,49.96,,250,7.76,1.02
106,4,Schifferstadt,"Fleece, perforated foil","PE, PE",Lettuce,2018-04-26,Field edge,1,Track,ZS-2106,2021-5,Wed,50.03,,250,7.76,1.02
107,4,Schifferstadt,"Fleece, perforated foil","PE, PE",Lettuce,2018-04-26,Field edge,2,Track,ZS-2107,2021-5,Thu,49.98,,250,7.76,1.02
108,4,Schifferstadt,"Fleece, perforated foil","PE, PE",Lettuce,2018-04-26,Field edge,3,Track,ZS-2108,2021-5,Tue,49.99,,250,7.76,1.02
109,4,Schifferstadt,"Fleece, perforated foil","PE, PE",Lettuce,2018-04-26,Field edge,4,Track,ZS-2109,2021-5,Wed,50,,250,7.76,1.02
110,4,Schifferstadt,"Fleece, perforated foil","PE, PE",Lettuce,2018-04-26,Field edge,5,Track,ZS-2110,2021-5,Tue,49.98,,250,7.76,1.02
111,4,Schifferstadt,"Fleece, perforated foil","PE, PE",Lettuce,2018-04-26,Field margin,1,None,ZS-2111,2021-6,Mon,50.02,,250,7.76,1.02
112,4,Schifferstadt,"Fleece, perforated foil","PE, PE",Lettuce,2018-04-26,Field margin,2,None,ZS-2112,2021-5,Fri,50.01,,250,7.76,1.02
113,4,Schifferstadt,"Fleece, perforated foil","PE, PE",Lettuce,2018-04-26,Field margin,3,None,ZS-2113,2021-5,Thu,50.01,,250,7.76,1.02
114,4,Schifferstadt,"Fleece, perforated foil","PE, PE",Lettuce,2018-04-26,Field margin,4,None,ZS-2114,2021-5,Fri,50.01,,250,7.76,1.02
115,4,Schifferstadt,"Fleece, perforated foil","PE, PE",Lettuce,2018-04-26,Field margin,5,None,ZS-2115,2021-5,Thu,50,,250,7.76,1.02
116,4,Schifferstadt,"Fleece, perforated foil","PE, PE",Lettuce,2018-04-26,Periphery,1,None,ZS-2116,2021-5,Tue,50,,250,7.76,1.02
117,4,Schifferstadt,"Fleece, perforated foil","PE, PE",Lettuce,2018-04-26,Periphery,2,None,ZS-2117,2021-5,Wed,50.03,,250,7.76,1.02
118,4,Schifferstadt,"Fleece, perforated foil","PE, PE",Lettuce,2018-04-26,Periphery,3,None,ZS-2118,2021-5,Thu,50,,250,7.76,1.02
119,4,Schifferstadt,"Fleece, perforated foil","PE, PE",Lettuce,2018-04-26,Periphery,4,None,ZS-2119,2021-5,Wed,50.02,,250,7.76,1.02
120,4,Schifferstadt,"Fleece, perforated foil","PE, PE",Lettuce,2018-04-26,Periphery,5,None,ZS-2120,2021-5,Thu,50.03,,250,7.76,1.02
121,5,Schifferstadt,"Fleece, perforated foil","PE, PE",Cabbage,2018-04-26,Field center,1,Planting,ZS-2121,2020-48,,50.04,,250,7.76,1.02
122,5,Schifferstadt,"Fleece, perforated foil","PE, PE",Cabbage,2018-04-26,Field center,2,Planting,ZS-2122,2020-48,,50.12,,250,7.76,1.02
123,5,Schifferstadt,"Fleece, perforated foil","PE, PE",Cabbage,2018-04-26,Field center,3,Planting,ZS-2123,2020-48,,50.23,,250,7.76,1.02
124,5,Schifferstadt,"Fleece, perforated foil","PE, PE",Cabbage,2018-04-26,Field center,4,Planting,ZS-2124,2020-48,,50.09,,250,7.76,1.02
125,5,Schifferstadt,"Fleece, perforated foil","PE, PE",Cabbage,2018-04-26,Field center,5,Planting,ZS-2125,2020-48,,50.04,,250,7.76,1.02
126,5,Schifferstadt,"Fleece, perforated foil","PE, PE",Cabbage,2018-04-26,Field center,1,Track,ZS-2126,2020-48,,49.99,,250,7.76,1.02
127,5,Schifferstadt,"Fleece, perforated foil","PE, PE",Cabbage,2018-04-26,Field center,2,Track,ZS-2127,2021-1,,50.04,,250,7.76,1.02
128,5,Schifferstadt,"Fleece, perforated foil","PE, PE",Cabbage,2018-04-26,Field center,3,Track,ZS-2128,2020-48,,49.99,,250,7.76,1.02
129,5,Schifferstadt,"Fleece, perforated foil","PE, PE",Cabbage,2018-04-26,Field center,4,Track,ZS-2129,2021-1,,50,Filter overload,250,7.76,1.02
130,5,Schifferstadt,"Fleece, perforated foil","PE, PE",Cabbage,2018-04-26,Field center,5,Track,ZS-2130,2021-4,Fri,50,,250,7.76,1.02
131,5,Schifferstadt,"Fleece, perforated foil","PE, PE",Cabbage,2018-04-26,Field edge,1,Planting,ZS-2131,2021-1,,50.08,,250,7.76,1.02
132,5,Schifferstadt,"Fleece, perforated foil","PE, PE",Cabbage,2018-04-26,Field edge,2,Planting,ZS-2132,2021-1,,50.09,,250,7.76,1.02
133,5,Schifferstadt,"Fleece, perforated foil","PE, PE",Cabbage,2018-04-26,Field edge,3,Planting,ZS-2133,2021-4,Mon,50.06,,250,7.76,1.02
134,5,Schifferstadt,"Fleece, perforated foil","PE, PE",Cabbage,2018-04-26,Field edge,4,Planting,ZS-2134,2021-4,Mon,50.08,,250,7.76,1.02
135,5,Schifferstadt,"Fleece, perforated foil","PE, PE",Cabbage,2018-04-26,Field edge,5,Planting,ZS-2135,2021-1,,50.06,,250,7.76,1.02
136,5,Schifferstadt,"Fleece, perforated foil","PE, PE",Cabbage,2018-04-26,Field edge,1,Track,ZS-2136,2020-48,,50.06,,250,7.76,1.02
137,5,Schifferstadt,"Fleece, perforated foil","PE, PE",Cabbage,2018-04-26,Field edge,2,Track,ZS-2137,2020-48,,50.08,,250,7.76,1.02
138,5,Schifferstadt,"Fleece, perforated foil","PE, PE",Cabbage,2018-04-26,Field edge,3,Track,ZS-2138,2020-48,,50.21,,250,7.76,1.02
139,5,Schifferstadt,"Fleece, perforated foil","PE, PE",Cabbage,2018-04-26,Field edge,4,Track,ZS-2139,2020-48,,50.28,,250,7.76,1.02
140,5,Schifferstadt,"Fleece, perforated foil","PE, PE",Cabbage,2018-04-26,Field edge,5,Track,ZS-2140,2020-48,,50.17,,250,7.76,1.02
141,5,Schifferstadt,"Fleece, perforated foil","PE, PE",Cabbage,2018-04-26,Field margin,1,None,ZS-2141,2021-1,,50,,250,7.76,1.02
142,5,Schifferstadt,"Fleece, perforated foil","PE, PE",Cabbage,2018-04-26,Field margin,2,None,ZS-2142,2021-1,,50,,250,7.76,1.02
143,5,Schifferstadt,"Fleece, perforated foil","PE, PE",Cabbage,2018-04-26,Field margin,3,None,ZS-2143,2021-1,,50.01,,250,7.76,1.02
144,5,Schifferstadt,"Fleece, perforated foil","PE, PE",Cabbage,2018-04-26,Field margin,4,None,ZS-2144,2021-1,,50.01,,250,7.76,1.02
145,5,Schifferstadt,"Fleece, perforated foil","PE, PE",Cabbage,2018-04-26,Field margin,5,None,ZS-2145,2021-1,,50.04,,250,7.76,1.02
146,5,Schifferstadt,"Fleece, perforated foil","PE, PE",Cabbage,2018-04-26,Periphery,1,None,ZS-2146,2020-48,,50.12,,250,7.76,1.02
147,5,Schifferstadt,"Fleece, perforated foil","PE, PE",Cabbage,2018-04-26,Periphery,2,None,ZS-2147,2020-49,,50.29,,250,7.76,1.02
148,5,Schifferstadt,"Fleece, perforated foil","PE, PE",Cabbage,2018-04-26,Periphery,3,None,ZS-2148,2020-48,,50.02,,250,7.76,1.02
149,5,Schifferstadt,"Fleece, perforated foil","PE, PE",Cabbage,2018-04-26,Periphery,4,None,ZS-2149,2020-49,,50.18,,250,7.76,1.02
150,5,Schifferstadt,"Fleece, perforated foil","PE, PE",Cabbage,2018-04-26,Periphery,5,None,ZS-2150,2020-48,,50.02,,250,7.76,1.02
151,6,Landau,Perforated foil,PE,Rhubarb,2018-04-26,Field center,1,Planting,ZS-2151,2021-3,Mon,50.01,,250,7.76,1.02
152,6,Landau,Perforated foil,PE,Rhubarb,2018-04-26,Field center,2,Planting,ZS-2152,2021-3,Mon,50.03,,250,7.76,1.02
153,6,Landau,Perforated foil,PE,Rhubarb,2018-04-26,Field center,3,Planting,ZS-2153,2021-4,Fri,50.01,,250,7.76,1.02
154,6,Landau,Perforated foil,PE,Rhubarb,2018-04-26,Field center,4,Planting,ZS-2154,2021-4,Tue,50,,250,7.76,1.02
155,6,Landau,Perforated foil,PE,Rhubarb,2018-04-26,Field center,5,Planting,ZS-2155,2021-4,Tue,49.99,,250,7.76,1.02
156,6,Landau,Perforated foil,PE,Rhubarb,2018-04-26,Field center,1,Track,ZS-2156,2021-4,Tue,50,,250,7.76,1.02
157,6,Landau,Perforated foil,PE,Rhubarb,2018-04-26,Field center,2,Track,ZS-2157,2021-4,Mon,49.97,,250,7.76,1.02
158,6,Landau,Perforated foil,PE,Rhubarb,2018-04-26,Field center,3,Track,ZS-2158,2021-4,Tue,49.99,,250,7.76,1.02
159,6,Landau,Perforated foil,PE,Rhubarb,2018-04-26,Field center,4,Track,ZS-2159,2021-3,Mon,50.02,,250,7.76,1.02
160,6,Landau,Perforated foil,PE,Rhubarb,2018-04-26,Field center,5,Track,ZS-2160,2021-4,Tue,50.02,,250,7.76,1.02
161,6,Landau,Perforated foil,PE,Rhubarb,2018-04-26,Field edge,1,Planting,ZS-2161,2021-1,,50,,250,7.76,1.02
162,6,Landau,Perforated foil,PE,Rhubarb,2018-04-26,Field edge,2,Planting,ZS-2162,2021-1,,50.06,,250,7.76,1.02
163,6,Landau,Perforated foil,PE,Rhubarb,2018-04-26,Field edge,3,Planting,ZS-2163,2021-2,Tue,49.99,,250,7.76,1.02
164,6,Landau,Perforated foil,PE,Rhubarb,2018-04-26,Field edge,4,Planting,ZS-2164,2021-2,Thu,50.02,,250,7.76,1.02
165,6,Landau,Perforated foil,PE,Rhubarb,2018-04-26,Field edge,5,Planting,ZS-2165,2021-4,Fri,50.02,,250,7.76,1.02
166,6,Landau,Perforated foil,PE,Rhubarb,2018-04-26,Field edge,1,Track,ZS-2166,2021-4,Mon,50.08,,250,7.76,1.02
167,6,Landau,Perforated foil,PE,Rhubarb,2018-04-26,Field edge,2,Track,ZS-2167,2021-3,Fri,50.01,,250,7.76,1.02
168,6,Landau,Perforated foil,PE,Rhubarb,2018-04-26,Field edge,3,Track,ZS-2168,2021-3,Mon,49.99,,250,7.76,1.02
169,6,Landau,Perforated foil,PE,Rhubarb,2018-04-26,Field edge,4,Track,ZS-2169,2021-4,Mon,50.04,,250,7.76,1.02
170,6,Landau,Perforated foil,PE,Rhubarb,2018-04-26,Field edge,5,Track,ZS-2170,2021-3,Mon,50.01,,250,7.76,1.02
171,6,Landau,Perforated foil,PE,Rhubarb,2018-04-26,Field margin,1,None,ZS-2171,2020-51,,50.13,Separation funnel leaked,250,7.76,1.02
172,6,Landau,Perforated foil,PE,Rhubarb,2018-04-26,Field margin,2,None,ZS-2172,2020-51,,50.1,,250,7.76,1.02
173,6,Landau,Perforated foil,PE,Rhubarb,2018-04-26,Field margin,3,None,ZS-2173,2021-4,,50,,250,7.76,1.02
174,6,Landau,Perforated foil,PE,Rhubarb,2018-04-26,Field margin,4,None,ZS-2174,2020-50,,49.99,,250,7.76,1.02
175,6,Landau,Perforated foil,PE,Rhubarb,2018-04-26,Field margin,5,None,ZS-2175,2020-51,,50.01,,250,7.76,1.02
176,6,Landau,Perforated foil,PE,Rhubarb,2018-04-26,Periphery,1,None,ZS-2176,2021-2,Tue,50,,250,7.76,1.02
177,6,Landau,Perforated foil,PE,Rhubarb,2018-04-26,Periphery,2,None,ZS-2177,2021-1,,50.02,,250,7.76,1.02
178,6,Landau,Perforated foil,PE,Rhubarb,2018-04-26,Periphery,3,None,ZS-2178,2021-2,Tue,50.03,,250,7.76,1.02
179,6,Landau,Perforated foil,PE,Rhubarb,2018-04-26,Periphery,4,None,ZS-2179,2021-1,,50.01,,250,7.76,1.02
180,6,Landau,Perforated foil,PE,Rhubarb,2018-04-26,Periphery,5,None,ZS-2180,2021-1,,50.04,,250,7.76,1.02
181,7,Landau,Perforated foil,PE,Rhubarb,2018-04-26,Field center,1,Planting,ZS-2181,2021-4,Wed,49.89,,250,7.76,1.02
182,7,Landau,Perforated foil,PE,Rhubarb,2018-04-26,Field center,2,Planting,ZS-2182,2021-5,Mon,50.06,,250,7.76,1.02
183,7,Landau,Perforated foil,PE,Rhubarb,2018-04-26,Field center,3,Planting,ZS-2183,2021-4,Fri,50,,250,7.76,1.02
184,7,Landau,Perforated foil,PE,Rhubarb,2018-04-26,Field center,4,Planting,ZS-2184,2021-4,Wed,49.99,,250,7.76,1.02
185,7,Landau,Perforated foil,PE,Rhubarb,2018-04-26,Field center,5,Planting,ZS-2185,2021-4,Fri,49.99,,250,7.76,1.02
186,7,Landau,Perforated foil,PE,Rhubarb,2018-04-26,Field center,1,Track,ZS-2186,2021-4,Fri,49.99,,250,7.76,1.02
187,7,Landau,Perforated foil,PE,Rhubarb,2018-04-26,Field center,2,Track,ZS-2187,2021-4,Wed,49.99,,250,7.76,1.02
188,7,Landau,Perforated foil,PE,Rhubarb,2018-04-26,Field center,3,Track,ZS-2188,2021-4,Thu,50.04,,250,7.76,1.02
189,7,Landau,Perforated foil,PE,Rhubarb,2018-04-26,Field center,4,Track,ZS-2189,2021-4,Fri,50.01,,250,7.76,1.02
190,7,Landau,Perforated foil,PE,Rhubarb,2018-04-26,Field center,5,Track,ZS-2190,2021-4,Thu,50.01,,250,7.76,1.02
191,7,Landau,Perforated foil,PE,Rhubarb,2018-04-26,Field edge,1,Planting,ZS-2191,2021-5,Mon,50.02,,250,7.76,1.02
192,7,Landau,Perforated foil,PE,Rhubarb,2018-04-26,Field edge,2,Planting,ZS-2192,2021-5,Tue,50.03,,250,7.76,1.02
193,7,Landau,Perforated foil,PE,Rhubarb,2018-04-26,Field edge,3,Planting,ZS-2193,2021-5,Mon,50,,250,7.76,1.02
194,7,Landau,Perforated foil,PE,Rhubarb,2018-04-26,Field edge,4,Planting,ZS-2194,2021-5,Tue,50.02,,250,7.76,1.02
195,7,Landau,Perforated foil,PE,Rhubarb,2018-04-26,Field edge,5,Planting,ZS-2195,2021-5,Mon,50.04,,250,7.76,1.02
196,7,Landau,Perforated foil,PE,Rhubarb,2018-04-26,Field edge,1,Track,ZS-2196,2021-2,,50.06,,250,7.76,1.02
197,7,Landau,Perforated foil,PE,Rhubarb,2018-04-26,Field edge,2,Track,ZS-2197,2021-2,,50.02,,250,7.76,1.02
198,7,Landau,Perforated foil,PE,Rhubarb,2018-04-26,Field edge,3,Track,ZS-2198,2021-2,Mon,49.99,,250,7.76,1.02
199,7,Landau,Perforated foil,PE,Rhubarb,2018-04-26,Field edge,4,Track,ZS-2199,2021-2,,49.96,,250,7.76,1.02
200,7,Landau,Perforated foil,PE,Rhubarb,2018-04-26,Field edge,5,Track,ZS-2200,2021-2,,50.05,,250,7.76,1.02
201,7,Landau,Perforated foil,PE,Rhubarb,2018-04-26,Field margin,1,None,ZS-2201,2021-2,Mon,50.05,,250,7.76,1.02
202,7,Landau,Perforated foil,PE,Rhubarb,2018-04-26,Field margin,2,None,ZS-2202,2021-2,Tue,50.01,,250,7.76,1.02
203,7,Landau,Perforated foil,PE,Rhubarb,2018-04-26,Field margin,3,None,ZS-2203,2021-2,Tue,50.04,,250,7.76,1.02
204,7,Landau,Perforated foil,PE,Rhubarb,2018-04-26,Field margin,4,None,ZS-2204,2021-3,Fri,50.02,,250,7.76,1.02
205,7,Landau,Perforated foil,PE,Rhubarb,2018-04-26,Field margin,5,None,ZS-2205,2021-2,Wed,50.02,,250,7.76,1.02
206,7,Landau,Perforated foil,PE,Rhubarb,2018-04-26,Periphery,1,None,ZS-2206,2021-4,Wed,25,,250,7.76,1.02
207,7,Landau,Perforated foil,PE,Rhubarb,2018-04-26,Periphery,2,None,ZS-2207,2021-4,Thu,50.02,,250,7.76,1.02
208,7,Landau,Perforated foil,PE,Rhubarb,2018-04-26,Periphery,3,None,ZS-2208,2021-4,Wed,49.99,,250,7.76,1.02
209,7,Landau,Perforated foil,PE,Rhubarb,2018-04-26,Periphery,4,None,ZS-2209,2021-4,Thu,49.99,,250,7.76,1.02
210,7,Landau,Perforated foil,PE,Rhubarb,2018-04-26,Periphery,5,None,ZS-2210,2021-4,Fri,50,,250,7.76,1.02
211,8,Landau,Perforated foil,PE,Rhubarb,2018-04-26,Field center,1,Planting,ZS-2211,2020-51,,50,,250,7.76,1.02
212,8,Landau,Perforated foil,PE,Rhubarb,2018-04-26,Field center,2,Planting,ZS-2212,2020-51,,50.07,,250,7.76,1.02
213,8,Landau,Perforated foil,PE,Rhubarb,2018-04-26,Field center,3,Planting,ZS-2213,2020-51,,50,,250,7.76,1.02
214,8,Landau,Perforated foil,PE,Rhubarb,2018-04-26,Field center,4,Planting,ZS-2214,2020-51,,50.02,,250,7.76,1.02
215,8,Landau,Perforated foil,PE,Rhubarb,2018-04-26,Field center,5,Planting,ZS-2215,2020-48,,50.14,,250,7.76,1.02
216,8,Landau,Perforated foil,PE,Rhubarb,2018-04-26,Field center,1,Track,ZS-2216,2020-48,,50.07,,250,7.76,1.02
217,8,Landau,Perforated foil,PE,Rhubarb,2018-04-26,Field center,2,Track,ZS-2217,2020-49,,50.04,,250,7.76,1.02
218,8,Landau,Perforated foil,PE,Rhubarb,2018-04-26,Field center,3,Track,ZS-2218,2020-49,,50.01,,250,7.76,1.02
219,8,Landau,Perforated foil,PE,Rhubarb,2018-04-26,Field center,4,Track,ZS-2219,2020-50,,50,,250,7.76,1.02
220,8,Landau,Perforated foil,PE,Rhubarb,2018-04-26,Field center,5,Track,ZS-2220,2020-49,,50.08,,250,7.76,1.02
221,8,Landau,Perforated foil,PE,Rhubarb,2018-04-26,Field edge,1,Planting,ZS-2221,2020-50,,50.07,,250,7.76,1.02
222,8,Landau,Perforated foil,PE,Rhubarb,2018-04-26,Field edge,2,Planting,ZS-2222,2020-51,,50.31,,250,7.76,1.02
223,8,Landau,Perforated foil,PE,Rhubarb,2018-04-26,Field edge,3,Planting,ZS-2223,2020-50,,50.01,,250,7.76,1.02
224,8,Landau,Perforated foil,PE,Rhubarb,2018-04-26,Field edge,4,Planting,ZS-2224,2020-50,,50.03,,250,7.76,1.02
225,8,Landau,Perforated foil,PE,Rhubarb,2018-04-26,Field edge,5,Planting,ZS-2225,2020-50,,50.02,,250,7.76,1.02
226,8,Landau,Perforated foil,PE,Rhubarb,2018-04-26,Field edge,1,Track,ZS-2226,2020-51,,50.02,,250,7.76,1.02
227,8,Landau,Perforated foil,PE,Rhubarb,2018-04-26,Field edge,2,Track,ZS-2227,2021-1,,50.02,,250,7.76,1.02
228,8,Landau,Perforated foil,PE,Rhubarb,2018-04-26,Field edge,3,Track,ZS-2228,2021-1,,50.04,,250,7.76,1.02
229,8,Landau,Perforated foil,PE,Rhubarb,2018-04-26,Field edge,4,Track,ZS-2229,2021-1,,49.99,,250,7.76,1.02
230,8,Landau,Perforated foil,PE,Rhubarb,2018-04-26,Field edge,5,Track,ZS-2230,2021-1,,50,,250,7.76,1.02
231,8,Landau,Perforated foil,PE,Rhubarb,2018-04-26,Field margin,1,None,ZS-2231,2021-2,Thu,50.01,,250,7.76,1.02
232,8,Landau,Perforated foil,PE,Rhubarb,2018-04-26,Field margin,2,None,ZS-2232,2021-2,Wed,50,Incomplete sample transfer into extraction vial,250,7.76,1.02
233,8,Landau,Perforated foil,PE,Rhubarb,2018-04-26,Field margin,3,None,ZS-2233,2021-2,Wed,50,,250,7.76,1.02
234,8,Landau,Perforated foil,PE,Rhubarb,2018-04-26,Field margin,4,None,ZS-2234,2021-2,Thu,50.02,,250,7.76,1.02
235,8,Landau,Perforated foil,PE,Rhubarb,2018-04-26,Field margin,5,None,ZS-2235,2021-2,Thu,50.02,,250,7.76,1.02
236,8,Landau,Perforated foil,PE,Rhubarb,2018-04-26,Periphery,1,None,ZS-2236,2021-2,Wed,50.09,,250,7.76,1.02
237,8,Landau,Perforated foil,PE,Rhubarb,2018-04-26,Periphery,2,None,ZS-2237,2021-2,Mon,49.97,,250,7.76,1.02
238,8,Landau,Perforated foil,PE,Rhubarb,2018-04-26,Periphery,3,None,ZS-2238,2021-1,,50.26,,250,7.76,1.02
239,8,Landau,Perforated foil,PE,Rhubarb,2018-04-26,Periphery,4,None,ZS-2239,2021-4,Fri,32.6,,250,7.76,1.02
240,8,Landau,Perforated foil,PE,Rhubarb,2018-04-26,Periphery,5,None,ZS-2240,2021-2,Wed,50,,250,7.76,1.02
241,B,Blank,,,,2020-11-27,,,NA,ZS-2241,2020-48,,0,,250,7.76,1.02
242,B,Blank,,,,2020-11-30,,,NA,ZS-2241,2020-49,,0,Shared blank,250,7.76,1.02
243,B,Blank,,,,2020-12-07,,,NA,ZS-2243,2020-50,,0,,250,7.76,1.02
244,B,Blank,,,,2020-12-14,,,NA,ZS-2244,2020-51,,0,,250,7.76,1.02
245,B,Blank,,,,2021-01-04,,,NA,ZS-2245,2021-1,,0,,250,7.76,1.02
246,B,Blank,,,,2021-01-11,,,NA,ZS-2246,2021-2,,0,,250,7.76,1.02
247,B,Blank,,,,2021-01-18,,,NA,ZS-2247,2021-3,,0,,250,7.76,1.02
248,B,Blank,,,,2021-01-25,,,NA,ZS-2248,2021-4,,0,,250,7.76,1.02
249,B,Blank,,,,2021-02-01,,,NA,ZS-2249,2021-5,,0,,250,7.76,1.02
250,B,Blank,,,,2021-02-08,,,NA,ZS-2250,2021-6,,0,,250,7.76,1.02
251,B,Blank,,,,2021-02-15,,,NA,ZS-2251,2021-7,,0,,250,7.76,1.02
252,B,Blank,,,,2021-02-22,,,NA,ZS-2252,2021-8,,0,,250,7.76,1.02
253,B,Blank,,,,2021-03-01,,,NA,ZS-2253,2021-9,,0,,250,7.76,1.02
254,B,Blank,,,,2021-03-08,,,NA,ZS-2254,2021-10,,0,,250,7.76,1.02
