Sample Type,File Name,Sample ID,Sample Name,Dil Factor,Inj Vol,Position,Comment,Date,Instrument Method,Pyroprobe method,Processing method
Unknown,Pyro_Plast-263,263,Site 1,0,0,1,300 °C,2019-10-11,meth/pyroscan.meth,meth/volatiles.m6200,
Unknown,Pyro_Plast-264,264,Site 1,0,0,1,750 °C,2019-10-11,meth/pyroscan.meth,meth/pyrosolid.m6200,
Unknown,Pyro_Plast-265,265,Site 2,0,0,2,300 °C,2019-10-11,meth/pyroscan.meth,meth/volatiles.m6200,
Unknown,Pyro_Plast-266,266,Site 2,0,0,2,750 °C,2019-10-11,meth/pyroscan.meth,meth/pyrosolid.m6200,
Unknown,Pyro_Plast-267,267,Site 2/3,0,0,3,300 °C,2019-10-11,meth/pyroscan.meth,meth/volatiles.m6200,
Unknown,Pyro_Plast-268,268,Site 2/3,0,0,3,750 °C,2019-10-11,meth/pyroscan.meth,meth/pyrosolid.m6200,
Unknown,Pyro_Plast-269,269,Site 5 Fleece,0,0,4,300 °C,2019-10-12,meth/pyroscan.meth,meth/volatiles.m6200,
Unknown,Pyro_Plast-270,270,Site 5 Fleece,0,0,4,750 °C,2019-10-12,meth/pyroscan.meth,meth/pyrosolid.m6200,
Unknown,Pyro_Plast-271,271,Site 5 Perforated foil,0,0,5,300 °C,2019-10-12,meth/pyroscan.meth,meth/volatiles.m6200,
Unknown,Pyro_Plast-272,272,Site 5 Perforated foil,0,0,5,750 °C,2019-10-12,meth/pyroscan.meth,meth/pyrosolid.m6200,
Unknown,Pyro_Plast-273,273,Site 7,0,0,6,300 °C,2019-10-12,meth/pyroscan.meth,meth/volatiles.m6200,
Unknown,Pyro_Plast-274,274,Site 7,0,0,6,750 °C,2019-10-12,meth/pyroscan.meth,meth/pyrosolid.m6200,
Unknown,Pyro_Plast-275,275,Site 8,0,0,7,300 °C,2019-10-12,meth/pyroscan.meth,meth/volatiles.m6200,
Unknown,Pyro_Plast-276,276,Site 8,0,0,7,750 °C,2019-10-12,meth/pyroscan.meth,meth/pyrosolid.m6200,
Unknown,Pyro_PlastSolve-468,469,0 ug/mL PlastMix with PS-d5,1,2,1,,2021-03-29,meth/plastsolve.meth,meth/plastsolve.m6200,meth/peakident.ocm
Unknown,Pyro_PlastSolve-469,470,"2 ug/mL PlastMix with PS-d5, LOD blank",1,2,2,,2021-03-29,meth/plastsolve.meth,meth/plastsolve.m6200,meth/peakident.ocm
Unknown,Pyro_PlastSolve-470,471,"2 ug/mL PlastMix with PS-d5, LOD blank",1,2,3,,2021-03-29,meth/plastsolve.meth,meth/plastsolve.m6200,meth/peakident.ocm
Unknown,Pyro_PlastSolve-471,472,"2 ug/mL PlastMix with PS-d5, LOD blank",1,2,4,,2021-03-29,meth/plastsolve.meth,meth/plastsolve.m6200,meth/peakident.ocm
Unknown,Pyro_PlastSolve-472,473,5 ug/mL PlastMix with PS-d5,1,2,5,,2021-03-29,meth/plastsolve.meth,meth/plastsolve.m6200,meth/peakident.ocm
Unknown,Pyro_PlastSolve-473,474,10 ug/mL PlastMix with PS-d5,1,2,6,,2021-03-29,meth/plastsolve.meth,meth/plastsolve.m6200,meth/peakident.ocm
Unknown,Pyro_PlastSolve-474,475,20 ug/mL PlastMix with PS-d5,1,2,7,,2021-03-29,meth/plastsolve.meth,meth/plastsolve.m6200,meth/peakident.ocm
Unknown,Pyro_PlastSolve-475,476,50 ug/mL PlastMix with PS-d5,1,2,8,,2021-03-29,meth/plastsolve.meth,meth/plastsolve.m6200,meth/peakident.ocm
Unknown,Pyro_PlastSolve-476,477,100 ug/mL PlastMix with PS-d5,1,2,9,,2021-03-29,meth/plastsolve.meth,meth/plastsolve.m6200,meth/peakident.ocm
Unknown,Pyro_PlastSolve-477,478,150 ug/mL PlastMix with PS-d5,1,2,1,,2021-03-29,meth/plastsolve.meth,meth/plastsolve.m6200,meth/peakident.ocm
Unknown,Pyro_PlastSolve-478,479,200 ug/mL PlastMix with PS-d5,1,2,2,,2021-03-29,meth/plastsolve.meth,meth/plastsolve.m6200,meth/peakident.ocm
Unknown,Pyro_PlastSolve-479,480,ZS-1400,1,2,1,,2021-03-30,meth/plastsolve.meth,meth/plastsolve.m6200,meth/peakident.ocm
Unknown,Pyro_PlastSolve-480,481,ZS-1401,1,2,2,,2021-03-30,meth/plastsolve.meth,meth/plastsolve.m6200,meth/peakident.ocm
Unknown,Pyro_PlastSolve-481,482,ZS-1402,1,2,3,,2021-03-30,meth/plastsolve.meth,meth/plastsolve.m6200,meth/peakident.ocm
Unknown,Pyro_PlastSolve-482,483,100 ug/mL PlastMix with PS-d5,1,2,4,Quartz tube displaced,2021-03-30,meth/plastsolve.meth,meth/plastsolve.m6200,meth/peakident.ocm
Unknown,Pyro_PlastSolve-483,484,ZS-1403,1,2,5,,2021-03-30,meth/plastsolve.meth,meth/plastsolve.m6200,meth/peakident.ocm
Unknown,Pyro_PlastSolve-484,485,ZS-1404,1,2,6,,2021-03-30,meth/plastsolve.meth,meth/plastsolve.m6200,meth/peakident.ocm
Unknown,Pyro_PlastSolve-485,486,ZS-1405,1,2,7,,2021-03-30,meth/plastsolve.meth,meth/plastsolve.m6200,meth/peakident.ocm
Unknown,Pyro_PlastSolve-486,487,ZS-1406,1,2,8,Quartz tube displaced,2021-03-30,meth/plastsolve.meth,meth/plastsolve.m6200,meth/peakident.ocm
Unknown,Pyro_PlastSolve-487,488,100 ug/mL PlastMix with PS-d5,1,2,9,,2021-03-30,meth/plastsolve.meth,meth/plastsolve.m6200,meth/peakident.ocm
Unknown,Pyro_PlastSolve-488,489,ZS-1407,1,2,10,,2021-03-30,meth/plastsolve.meth,meth/plastsolve.m6200,meth/peakident.ocm
Unknown,Pyro_PlastSolve-489,490,ZS-1408,1,2,11,,2021-03-30,meth/plastsolve.meth,meth/plastsolve.m6200,meth/peakident.ocm
Unknown,Pyro_PlastSolve-490,491,ZS-1409,1,2,12,,2021-03-30,meth/plastsolve.meth,meth/plastsolve.m6200,meth/peakident.ocm
Unknown,Pyro_PlastSolve-491,492,ZS-1410,1,2,13,,2021-03-31,meth/plastsolve.meth,meth/plastsolve.m6200,meth/peakident.ocm
Unknown,Pyro_PlastSolve-492,493,ZS-1411,1,2,14,,2021-03-31,meth/plastsolve.meth,meth/plastsolve.m6200,meth/peakident.ocm
Unknown,Pyro_PlastSolve-493,494,ZS-1412,1,2,15,,2021-03-31,meth/plastsolve.meth,meth/plastsolve.m6200,meth/peakident.ocm
Unknown,Pyro_PlastSolve-494,495,100 ug/mL PlastMix with PS-d5,1,2,16,,2021-03-31,meth/plastsolve.meth,meth/plastsolve.m6200,meth/peakident.ocm
Unknown,Pyro_PlastSolve-495,496,ZS-1413,1,2,17,Quartz tube displaced,2021-03-31,meth/plastsolve.meth,meth/plastsolve.m6200,meth/peakident.ocm
Unknown,Pyro_PlastSolve-496,497,ZS-1414,1,2,18,,2021-03-31,meth/plastsolve.meth,meth/plastsolve.m6200,meth/peakident.ocm
Unknown,Pyro_PlastSolve-497,498,ZS-1415,1,2,19,,2021-03-31,meth/plastsolve.meth,meth/plastsolve.m6200,meth/peakident.ocm
Unknown,Pyro_PlastSolve-498,499,ZS-1416,1,2,20,,2021-03-31,meth/plastsolve.meth,meth/plastsolve.m6200,meth/peakident.ocm
Unknown,Pyro_PlastSolve-499,500,100 ug/mL PlastMix with PS-d5,1,2,21,,2021-03-31,meth/plastsolve.meth,meth/plastsolve.m6200,meth/peakident.ocm
Unknown,Pyro_PlastSolve-500,501,ZS-1417,1,2,22,,2021-03-31,meth/plastsolve.meth,meth/plastsolve.m6200,meth/peakident.ocm
Unknown,Pyro_PlastSolve-501,502,ZS-1418,1,2,23,,2021-03-31,meth/plastsolve.meth,meth/plastsolve.m6200,meth/peakident.ocm
Unknown,Pyro_PlastSolve-502,503,ZS-1419,1,2,24,,2021-03-31,meth/plastsolve.meth,meth/plastsolve.m6200,meth/peakident.ocm
Unknown,Pyro_PlastSolve-503,504,ZS-1420,1,2,25,,2021-04-01,meth/plastsolve.meth,meth/plastsolve.m6200,meth/peakident.ocm
Unknown,Pyro_PlastSolve-504,505,ZS-1421,1,2,26,,2021-04-01,meth/plastsolve.meth,meth/plastsolve.m6200,meth/peakident.ocm
Unknown,Pyro_PlastSolve-505,506,ZS-1422,1,2,27,,2021-04-01,meth/plastsolve.meth,meth/plastsolve.m6200,meth/peakident.ocm
Unknown,Pyro_PlastSolve-506,507,100 ug/mL PlastMix with PS-d5,1,2,28,,2021-04-01,meth/plastsolve.meth,meth/plastsolve.m6200,meth/peakident.ocm
Unknown,Pyro_PlastSolve-507,508,ZS-1423,1,2,29,,2021-04-01,meth/plastsolve.meth,meth/plastsolve.m6200,meth/peakident.ocm
Unknown,Pyro_PlastSolve-508,509,ZS-1424,1,2,30,Possibly contaminated,2021-04-01,meth/plastsolve.meth,meth/plastsolve.m6200,meth/peakident.ocm
Unknown,Pyro_PlastSolve-509,510,ZS-1425,1,2,31,,2021-04-01,meth/plastsolve.meth,meth/plastsolve.m6200,meth/peakident.ocm
Unknown,Pyro_PlastSolve-510,511,ZS-1426,1,2,32,,2021-04-01,meth/plastsolve.meth,meth/plastsolve.m6200,meth/peakident.ocm
Unknown,Pyro_PlastSolve-511,512,100 ug/mL PlastMix with PS-d5,1,2,33,,2021-04-01,meth/plastsolve.meth,meth/plastsolve.m6200,meth/peakident.ocm
Unknown,Pyro_PlastSolve-512,513,ZS-1427,1,2,34,,2021-04-01,meth/plastsolve.meth,meth/plastsolve.m6200,meth/peakident.ocm
Unknown,Pyro_PlastSolve-513,514,ZS-1428,1,2,35,,2021-04-01,meth/plastsolve.meth,meth/plastsolve.m6200,meth/peakident.ocm
Unknown,Pyro_PlastSolve-514,515,ZS-1429,1,2,36,,2021-04-01,meth/plastsolve.meth,meth/plastsolve.m6200,meth/peakident.ocm
Unknown,Pyro_PlastSolve-515,516,100 ug/mL PlastMix with PS-d5,1,2,1,,2021-04-02,meth/plastsolve.meth,meth/plastsolve.m6200,meth/peakident.ocm
Unknown,Pyro_PlastSolve-516,517,Interfering polymers LUFA I,1,2,2,,2021-04-02,meth/plastsolve.meth,meth/plastsolve.m6200,meth/peakident.ocm
Unknown,Pyro_PlastSolve-517,518,Interfering polymers LUFA II,1,2,3,,2021-04-02,meth/plastsolve.meth,meth/plastsolve.m6200,meth/peakident.ocm
Unknown,Pyro_PlastSolve-518,519,Interfering polymers LUFA III,1,2,4,,2021-04-02,meth/plastsolve.meth,meth/plastsolve.m6200,meth/peakident.ocm
Unknown,Pyro_PlastSolve-519,520,100 ug/mL PlastMix with PS-d5,1,2,5,,2021-04-02,meth/plastsolve.meth,meth/plastsolve.m6200,meth/peakident.ocm
Unknown,Pyro_PlastSolve-520,521,100 ug/mL PlastMix with PS-d5,1,2,7,Repeatability,2021-04-08,meth/plastsolve.meth,meth/plastsolve.m6200,meth/peakident.ocm
Unknown,Pyro_PlastSolve-521,522,100 ug/mL PlastMix with PS-d5,1,2,8,Repeatability,2021-04-08,meth/plastsolve.meth,meth/plastsolve.m6200,meth/peakident.ocm
Unknown,Pyro_PlastSolve-522,523,100 ug/mL PlastMix with PS-d5,1,2,9,Repeatability,2021-04-08,meth/plastsolve.meth,meth/plastsolve.m6200,meth/peakident.ocm
Unknown,Pyro_PlastSolve-523,524,100 ug/mL PlastMix with PS-d5,1,2,10,Repeatability,2021-04-08,meth/plastsolve.meth,meth/plastsolve.m6200,meth/peakident.ocm
Unknown,Pyro_PlastSolve-524,525,100 ug/mL PlastMix with PS-d5,1,2,11,Repeatability,2021-04-08,meth/plastsolve.meth,meth/plastsolve.m6200,meth/peakident.ocm
Unknown,Pyro_PlastSolve-525,526,100 ug/mL PlastMix with PS-d5,1,2,12,Repeatability,2021-04-08,meth/plastsolve.meth,meth/plastsolve.m6200,meth/peakident.ocm
Unknown,Pyro_PlastSolve-526,527,100 ug/mL PlastMix with PS-d5,1,2,13,Repeatability,2021-04-08,meth/plastsolve.meth,meth/plastsolve.m6200,meth/peakident.ocm
Unknown,Pyro_PlastSolve-527,528,100 ug/mL PlastMix with PS-d5,1,2,14,Repeatability,2021-04-08,meth/plastsolve.meth,meth/plastsolve.m6200,meth/peakident.ocm
Unknown,Pyro_PlastSolve-528,529,100 ug/mL PlastMix with PS-d5,1,2,15,Repeatability,2021-04-08,meth/plastsolve.meth,meth/plastsolve.m6200,meth/peakident.ocm
Unknown,Pyro_PlastSolve-529,530,100 ug/mL PlastMix with PS-d5,1,2,16,Repeatability,2021-04-08,meth/plastsolve.meth,meth/plastsolve.m6200,meth/peakident.ocm
Unknown,Pyro_PlastSolve-530,531,100 ug/mL PlastMix with PS-d5,1,2,17,Repeatability,2021-04-08,meth/plastsolve.meth,meth/plastsolve.m6200,meth/peakident.ocm
Unknown,Pyro_PlastSolve-531,532,100 ug/mL PlastMix with PS-d5,1,2,18,Repeatability,2021-04-08,meth/plastsolve.meth,meth/plastsolve.m6200,meth/peakident.ocm
Unknown,Pyro_PlastSolve-532,533,0 ug/mL PlastMix with PS-d5,1,2,1,,2021-04-12,meth/plastsolve.meth,meth/plastsolve.m6200,meth/peakident.ocm
Unknown,Pyro_PlastSolve-533,534,"2 ug/mL PlastMix with PS-d5, LOD blank",1,2,2,,2021-04-12,meth/plastsolve.meth,meth/plastsolve.m6200,meth/peakident.ocm
Unknown,Pyro_PlastSolve-534,535,"2 ug/mL PlastMix with PS-d5, LOD blank",1,2,3,,2021-04-12,meth/plastsolve.meth,meth/plastsolve.m6200,meth/peakident.ocm
Unknown,Pyro_PlastSolve-535,536,"2 ug/mL PlastMix with PS-d5, LOD blank",1,2,4,,2021-04-12,meth/plastsolve.meth,meth/plastsolve.m6200,meth/peakident.ocm
Unknown,Pyro_PlastSolve-536,537,5 ug/mL PlastMix with PS-d5,1,2,5,,2021-04-12,meth/plastsolve.meth,meth/plastsolve.m6200,meth/peakident.ocm
Unknown,Pyro_PlastSolve-537,538,10 ug/mL PlastMix with PS-d5,1,2,6,,2021-04-12,meth/plastsolve.meth,meth/plastsolve.m6200,meth/peakident.ocm
Unknown,Pyro_PlastSolve-538,539,20 ug/mL PlastMix with PS-d5,1,2,7,,2021-04-12,meth/plastsolve.meth,meth/plastsolve.m6200,meth/peakident.ocm
Unknown,Pyro_PlastSolve-539,540,50 ug/mL PlastMix with PS-d5,1,2,8,,2021-04-12,meth/plastsolve.meth,meth/plastsolve.m6200,meth/peakident.ocm
Unknown,Pyro_PlastSolve-540,541,100 ug/mL PlastMix with PS-d5,1,2,9,,2021-04-12,meth/plastsolve.meth,meth/plastsolve.m6200,meth/peakident.ocm
Unknown,Pyro_PlastSolve-541,542,150 ug/mL PlastMix with PS-d5,1,2,10,,2021-04-12,meth/plastsolve.meth,meth/plastsolve.m6200,meth/peakident.ocm
Unknown,Pyro_PlastSolve-542,543,200 ug/mL PlastMix with PS-d5,1,2,11,,2021-04-12,meth/plastsolve.meth,meth/plastsolve.m6200,meth/peakident.ocm
Unknown,Pyro_PlastSolve-543,544,ZS-2001,1,2,12,,2021-04-13,meth/plastsolve.meth,meth/plastsolve.m6200,meth/peakident.ocm
Unknown,Pyro_PlastSolve-544,545,ZS-2002,1,2,13,,2021-04-13,meth/plastsolve.meth,meth/plastsolve.m6200,meth/peakident.ocm
Unknown,Pyro_PlastSolve-545,546,ZS-2003,1,2,14,,2021-04-13,meth/plastsolve.meth,meth/plastsolve.m6200,meth/peakident.ocm
Unknown,Pyro_PlastSolve-546,547,100 ug/mL PlastMix with PS-d5,1,2,15,,2021-04-13,meth/plastsolve.meth,meth/plastsolve.m6200,meth/peakident.ocm
Unknown,Pyro_PlastSolve-547,548,ZS-2004,1,2,16,,2021-04-13,meth/plastsolve.meth,meth/plastsolve.m6200,meth/peakident.ocm
Unknown,Pyro_PlastSolve-548,549,ZS-2005,1,2,17,,2021-04-13,meth/plastsolve.meth,meth/plastsolve.m6200,meth/peakident.ocm
Unknown,Pyro_PlastSolve-549,550,ZS-2006,1,2,18,,2021-04-13,meth/plastsolve.meth,meth/plastsolve.m6200,meth/peakident.ocm
Unknown,Pyro_PlastSolve-550,551,ZS-2007,1,2,19,,2021-04-13,meth/plastsolve.meth,meth/plastsolve.m6200,meth/peakident.ocm
Unknown,Pyro_PlastSolve-551,552,ZS-2008,1,2,20,,2021-04-13,meth/plastsolve.meth,meth/plastsolve.m6200,meth/peakident.ocm
Unknown,Pyro_PlastSolve-552,553,ZS-2009,1,2,21,,2021-04-13,meth/plastsolve.meth,meth/plastsolve.m6200,meth/peakident.ocm
Unknown,Pyro_PlastSolve-553,554,ZS-2010,1,2,22,,2021-04-13,meth/plastsolve.meth,meth/plastsolve.m6200,meth/peakident.ocm
Unknown,Pyro_PlastSolve-554,555,100 ug/mL PlastMix with PS-d5,1,2,23,,2021-04-13,meth/plastsolve.meth,meth/plastsolve.m6200,meth/peakident.ocm
Unknown,Pyro_PlastSolve-555,556,ZS-2011,1,2,43,,2021-04-13,meth/plastsolve.meth,meth/plastsolve.m6200,meth/peakident.ocm
Unknown,Pyro_PlastSolve-556,557,ZS-2012,1,2,44,,2021-04-13,meth/plastsolve.meth,meth/plastsolve.m6200,meth/peakident.ocm
Unknown,Pyro_PlastSolve-557,558,ZS-2013,1,2,45,,2021-04-13,meth/plastsolve.meth,meth/plastsolve.m6200,meth/peakident.ocm
Unknown,Pyro_PlastSolve-558,559,ZS-2014,1,2,1,,2021-04-14,meth/plastsolve.meth,meth/plastsolve.m6200,meth/peakident.ocm
Unknown,Pyro_PlastSolve-559,560,ZS-2015,1,2,2,,2021-04-14,meth/plastsolve.meth,meth/plastsolve.m6200,meth/peakident.ocm
Unknown,Pyro_PlastSolve-560,561,ZS-2016,1,2,3,,2021-04-14,meth/plastsolve.meth,meth/plastsolve.m6200,meth/peakident.ocm
Unknown,Pyro_PlastSolve-561,562,100 ug/mL PlastMix with PS-d5,1,2,4,,2021-04-14,meth/plastsolve.meth,meth/plastsolve.m6200,meth/peakident.ocm
Unknown,Pyro_PlastSolve-562,563,ZS-2017,1,2,5,,2021-04-14,meth/plastsolve.meth,meth/plastsolve.m6200,meth/peakident.ocm
Unknown,Pyro_PlastSolve-563,564,ZS-2018,1,2,6,,2021-04-14,meth/plastsolve.meth,meth/plastsolve.m6200,meth/peakident.ocm
Unknown,Pyro_PlastSolve-564,565,ZS-2019,1,2,7,,2021-04-14,meth/plastsolve.meth,meth/plastsolve.m6200,meth/peakident.ocm
Unknown,Pyro_PlastSolve-565,566,ZS-2020,1,2,8,,2021-04-14,meth/plastsolve.meth,meth/plastsolve.m6200,meth/peakident.ocm
Unknown,Pyro_PlastSolve-566,567,ZS-2021,1,2,9,,2021-04-14,meth/plastsolve.meth,meth/plastsolve.m6200,meth/peakident.ocm
Unknown,Pyro_PlastSolve-567,568,ZS-2022,1,2,10,Pyroprobe failed,2021-04-14,meth/plastsolve.meth,meth/plastsolve.m6200,meth/peakident.ocm
Unknown,Pyro_PlastSolve-568,569,ZS-2023,1,2,11,Pyroprobe failed,2021-04-14,meth/plastsolve.meth,meth/plastsolve.m6200,meth/peakident.ocm
Unknown,Pyro_PlastSolve-569,570,100 ug/mL PlastMix with PS-d5,1,2,12,,2021-04-14,meth/plastsolve.meth,meth/plastsolve.m6200,meth/peakident.ocm
Unknown,Pyro_PlastSolve-570,571,ZS-2024,1,2,13,,2021-04-14,meth/plastsolve.meth,meth/plastsolve.m6200,meth/peakident.ocm
Unknown,Pyro_PlastSolve-571,572,ZS-2025,1,2,14,,2021-04-14,meth/plastsolve.meth,meth/plastsolve.m6200,meth/peakident.ocm
Unknown,Pyro_PlastSolve-572,573,ZS-2026,1,2,15,,2021-04-14,meth/plastsolve.meth,meth/plastsolve.m6200,meth/peakident.ocm
Unknown,Pyro_PlastSolve-573,574,ZS-2027,1,2,16,,2021-04-15,meth/plastsolve.meth,meth/plastsolve.m6200,meth/peakident.ocm
Unknown,Pyro_PlastSolve-574,575,ZS-2028,1,2,17,,2021-04-15,meth/plastsolve.meth,meth/plastsolve.m6200,meth/peakident.ocm
Unknown,Pyro_PlastSolve-575,576,ZS-2029,1,2,18,,2021-04-15,meth/plastsolve.meth,meth/plastsolve.m6200,meth/peakident.ocm
Unknown,Pyro_PlastSolve-576,577,100 ug/mL PlastMix with PS-d5,1,2,19,,2021-04-15,meth/plastsolve.meth,meth/plastsolve.m6200,meth/peakident.ocm
Unknown,Pyro_PlastSolve-577,578,ZS-2030,1,2,20,,2021-04-15,meth/plastsolve.meth,meth/plastsolve.m6200,meth/peakident.ocm
Unknown,Pyro_PlastSolve-578,579,ZS-2031,1,2,21,,2021-04-15,meth/plastsolve.meth,meth/plastsolve.m6200,meth/peakident.ocm
Unknown,Pyro_PlastSolve-579,580,ZS-2033,1,2,22,,2021-04-15,meth/plastsolve.meth,meth/plastsolve.m6200,meth/peakident.ocm
Unknown,Pyro_PlastSolve-580,581,ZS-2032,1,2,23,Pipetted again,2021-04-15,meth/plastsolve.meth,meth/plastsolve.m6200,meth/peakident.ocm
Unknown,Pyro_PlastSolve-581,582,ZS-2034,1,2,24,,2021-04-15,meth/plastsolve.meth,meth/plastsolve.m6200,meth/peakident.ocm
Unknown,Pyro_PlastSolve-582,583,ZS-2035,1,2,25,,2021-04-15,meth/plastsolve.meth,meth/plastsolve.m6200,meth/peakident.ocm
Unknown,Pyro_PlastSolve-583,584,ZS-2036,1,2,26,,2021-04-15,meth/plastsolve.meth,meth/plastsolve.m6200,meth/peakident.ocm
Unknown,Pyro_PlastSolve-584,585,100 ug/mL PlastMix with PS-d5,1,2,27,,2021-04-15,meth/plastsolve.meth,meth/plastsolve.m6200,meth/peakident.ocm
Unknown,Pyro_PlastSolve-585,586,ZS-2037,1,2,28,,2021-04-15,meth/plastsolve.meth,meth/plastsolve.m6200,meth/peakident.ocm
Unknown,Pyro_PlastSolve-586,587,ZS-2038,1,2,29,,2021-04-15,meth/plastsolve.meth,meth/plastsolve.m6200,meth/peakident.ocm
Unknown,Pyro_PlastSolve-587,588,ZS-2039,1,2,30,,2021-04-15,meth/plastsolve.meth,meth/plastsolve.m6200,meth/peakident.ocm
Unknown,Pyro_PlastSolve-588,589,ZS-2040,1,2,31,,2021-04-16,meth/plastsolve.meth,meth/plastsolve.m6200,meth/peakident.ocm
Unknown,Pyro_PlastSolve-589,590,ZS-2041,1,2,32,,2021-04-16,meth/plastsolve.meth,meth/plastsolve.m6200,meth/peakident.ocm
Unknown,Pyro_PlastSolve-590,591,ZS-2042,1,2,33,,2021-04-16,meth/plastsolve.meth,meth/plastsolve.m6200,meth/peakident.ocm
Unknown,Pyro_PlastSolve-591,592,100 ug/mL PlastMix with PS-d5,1,2,34,,2021-04-16,meth/plastsolve.meth,meth/plastsolve.m6200,meth/peakident.ocm
Unknown,Pyro_PlastSolve-592,593,ZS-2043,1,2,35,,2021-04-16,meth/plastsolve.meth,meth/plastsolve.m6200,meth/peakident.ocm
Unknown,Pyro_PlastSolve-593,594,ZS-2044,1,2,36,,2021-04-16,meth/plastsolve.meth,meth/plastsolve.m6200,meth/peakident.ocm
Unknown,Pyro_PlastSolve-594,595,ZS-2045,1,2,37,,2021-04-16,meth/plastsolve.meth,meth/plastsolve.m6200,meth/peakident.ocm
Unknown,Pyro_PlastSolve-595,596,ZS-2241,1,2,38,,2021-04-16,meth/plastsolve.meth,meth/plastsolve.m6200,meth/peakident.ocm
Unknown,Pyro_PlastSolve-596,597,Empty tube,1,2,39,ZS-2242 missing,2021-04-16,meth/plastsolve.meth,meth/plastsolve.m6200,meth/peakident.ocm
Unknown,Pyro_PlastSolve-597,598,100 ug/mL PlastMix with PS-d5,1,2,40,,2021-04-16,meth/plastsolve.meth,meth/plastsolve.m6200,meth/peakident.ocm
Unknown,Pyro_PlastSolve-598,599,ZS-2243,1,2,41,,2021-04-16,meth/plastsolve.meth,meth/plastsolve.m6200,meth/peakident.ocm
Unknown,Pyro_PlastSolve-599,600,ZS-2244,1,2,42,,2021-04-16,meth/plastsolve.meth,meth/plastsolve.m6200,meth/peakident.ocm
Unknown,Pyro_PlastSolve-600,601,ZS-2245,1,2,43,,2021-04-16,meth/plastsolve.meth,meth/plastsolve.m6200,meth/peakident.ocm
Unknown,Pyro_PlastSolve-601,602,0 ug/mL PlastMix with PS-d5,1,2,1,,2021-04-19,meth/plastsolve.meth,meth/plastsolve.m6200,meth/peakident.ocm
Unknown,Pyro_PlastSolve-602,603,5 ug/mL PlastMix with PS-d5,1,2,2,,2021-04-19,meth/plastsolve.meth,meth/plastsolve.m6200,meth/peakident.ocm
Unknown,Pyro_PlastSolve-603,604,10 ug/mL PlastMix with PS-d5,1,2,3,,2021-04-19,meth/plastsolve.meth,meth/plastsolve.m6200,meth/peakident.ocm
Unknown,Pyro_PlastSolve-604,605,20 ug/mL PlastMix with PS-d5,1,2,4,Pyroprobe failed,2021-04-19,meth/plastsolve.meth,meth/plastsolve.m6200,meth/peakident.ocm
Unknown,Pyro_PlastSolve-605,606,50 ug/mL PlastMix with PS-d5,1,2,5,,2021-04-19,meth/plastsolve.meth,meth/plastsolve.m6200,meth/peakident.ocm
Unknown,Pyro_PlastSolve-606,607,100 ug/mL PlastMix with PS-d5,1,2,6,,2021-04-19,meth/plastsolve.meth,meth/plastsolve.m6200,meth/peakident.ocm
Unknown,Pyro_PlastSolve-607,608,150 ug/mL PlastMix with PS-d5,1,2,7,,2021-04-19,meth/plastsolve.meth,meth/plastsolve.m6200,meth/peakident.ocm
Unknown,Pyro_PlastSolve-608,609,200 ug/mL PlastMix with PS-d5,1,2,8,,2021-04-19,meth/plastsolve.meth,meth/plastsolve.m6200,meth/peakident.ocm
Unknown,Pyro_PlastSolve-609,610,ZS-2246,1,2,9,,2021-04-19,meth/plastsolve.meth,meth/plastsolve.m6200,meth/peakident.ocm
Unknown,Pyro_PlastSolve-610,611,ZS-2247,1,2,10,,2021-04-19,meth/plastsolve.meth,meth/plastsolve.m6200,meth/peakident.ocm
Unknown,Pyro_PlastSolve-611,612,ZS-2248,1,2,11,,2021-04-19,meth/plastsolve.meth,meth/plastsolve.m6200,meth/peakident.ocm
Unknown,Pyro_PlastSolve-612,613,ZS-2249,1,2,12,,2021-04-19,meth/plastsolve.meth,meth/plastsolve.m6200,meth/peakident.ocm
Unknown,Pyro_PlastSolve-613,614,ZS-2046,1,2,1,,2021-04-20,meth/plastsolve.meth,meth/plastsolve.m6200,meth/peakident.ocm
Unknown,Pyro_PlastSolve-614,615,ZS-2047,1,2,2,,2021-04-20,meth/plastsolve.meth,meth/plastsolve.m6200,meth/peakident.ocm
Unknown,Pyro_PlastSolve-615,616,ZS-2048,1,2,3,,2021-04-20,meth/plastsolve.meth,meth/plastsolve.m6200,meth/peakident.ocm
Unknown,Pyro_PlastSolve-616,617,100 ug/mL PlastMix with PS-d5,1,2,4,,2021-04-20,meth/plastsolve.meth,meth/plastsolve.m6200,meth/peakident.ocm
Unknown,Pyro_PlastSolve-617,618,ZS-2049,1,2,5,,2021-04-20,meth/plastsolve.meth,meth/plastsolve.m6200,meth/peakident.ocm
Unknown,Pyro_PlastSolve-618,619,ZS-2050,1,2,6,,2021-04-20,meth/plastsolve.meth,meth/plastsolve.m6200,meth/peakident.ocm
Unknown,Pyro_PlastSolve-619,620,ZS-2051,1,2,7,,2021-04-20,meth/plastsolve.meth,meth/plastsolve.m6200,meth/peakident.ocm
Unknown,Pyro_PlastSolve-620,621,ZS-2052,1,2,8,,2021-04-20,meth/plastsolve.meth,meth/plastsolve.m6200,meth/peakident.ocm
Unknown,Pyro_PlastSolve-621,622,ZS-2053,1,2,9,,2021-04-20,meth/plastsolve.meth,meth/plastsolve.m6200,meth/peakident.ocm
Unknown,Pyro_PlastSolve-622,623,ZS-2054,1,2,10,,2021-04-20,meth/plastsolve.meth,meth/plastsolve.m6200,meth/peakident.ocm
Unknown,Pyro_PlastSolve-623,624,ZS-2055,1,2,11,,2021-04-20,meth/plastsolve.meth,meth/plastsolve.m6200,meth/peakident.ocm
Unknown,Pyro_PlastSolve-624,625,100 ug/mL PlastMix with PS-d5,1,2,12,,2021-04-20,meth/plastsolve.meth,meth/plastsolve.m6200,meth/peakident.ocm
Unknown,Pyro_PlastSolve-625,626,ZS-2056,1,2,13,,2021-04-20,meth/plastsolve.meth,meth/plastsolve.m6200,meth/peakident.ocm
Unknown,Pyro_PlastSolve-626,627,ZS-2057,1,2,14,,2021-04-20,meth/plastsolve.meth,meth/plastsolve.m6200,meth/peakident.ocm
Unknown,Pyro_PlastSolve-627,628,ZS-2058,1,2,15,,2021-04-20,meth/plastsolve.meth,meth/plastsolve.m6200,meth/peakident.ocm
Unknown,Pyro_PlastSolve-628,629,ZS-2059,1,2,16,,2021-04-20,meth/plastsolve.meth,meth/plastsolve.m6200,meth/peakident.ocm
Unknown,Pyro_PlastSolve-629,630,ZS-2068,1,2,1,,2021-04-21,meth/plastsolve.meth,meth/plastsolve.m6200,meth/peakident.ocm
Unknown,Pyro_PlastSolve-630,631,ZS-2060,1,2,2,,2021-04-21,meth/plastsolve.meth,meth/plastsolve.m6200,meth/peakident.ocm
Unknown,Pyro_PlastSolve-631,632,ZS-2061,1,2,3,,2021-04-21,meth/plastsolve.meth,meth/plastsolve.m6200,meth/peakident.ocm
Unknown,Pyro_PlastSolve-632,633,100 ug/mL PlastMix with PS-d5,1,2,4,,2021-04-21,meth/plastsolve.meth,meth/plastsolve.m6200,meth/peakident.ocm
Unknown,Pyro_PlastSolve-633,634,ZS-2062,1,2,5,,2021-04-21,meth/plastsolve.meth,meth/plastsolve.m6200,meth/peakident.ocm
Unknown,Pyro_PlastSolve-634,635,ZS-2063,1,2,6,,2021-04-21,meth/plastsolve.meth,meth/plastsolve.m6200,meth/peakident.ocm
Unknown,Pyro_PlastSolve-635,636,ZS-2064,1,2,7,,2021-04-21,meth/plastsolve.meth,meth/plastsolve.m6200,meth/peakident.ocm
Unknown,Pyro_PlastSolve-636,637,ZS-2065,1,2,8,,2021-04-21,meth/plastsolve.meth,meth/plastsolve.m6200,meth/peakident.ocm
Unknown,Pyro_PlastSolve-637,638,ZS-2066,1,2,9,,2021-04-21,meth/plastsolve.meth,meth/plastsolve.m6200,meth/peakident.ocm
Unknown,Pyro_PlastSolve-638,639,ZS-2067,1,2,10,,2021-04-21,meth/plastsolve.meth,meth/plastsolve.m6200,meth/peakident.ocm
Unknown,Pyro_PlastSolve-639,640,ZS-2069,1,2,11,,2021-04-21,meth/plastsolve.meth,meth/plastsolve.m6200,meth/peakident.ocm
Unknown,Pyro_PlastSolve-640,641,100 ug/mL PlastMix with PS-d5,1,2,12,,2021-04-21,meth/plastsolve.meth,meth/plastsolve.m6200,meth/peakident.ocm
Unknown,Pyro_PlastSolve-641,642,ZS-2070,1,2,13,,2021-04-21,meth/plastsolve.meth,meth/plastsolve.m6200,meth/peakident.ocm
Unknown,Pyro_PlastSolve-642,643,ZS-2071,1,2,14,,2021-04-21,meth/plastsolve.meth,meth/plastsolve.m6200,meth/peakident.ocm
Unknown,Pyro_PlastSolve-643,644,ZS-2072,1,2,15,,2021-04-21,meth/plastsolve.meth,meth/plastsolve.m6200,meth/peakident.ocm
Unknown,Pyro_PlastSolve-644,645,ZS-2022,1,2,16,Repetition,2021-04-22,meth/plastsolve.meth,meth/plastsolve.m6200,meth/peakident.ocm
Unknown,Pyro_PlastSolve-645,646,ZS-2073,1,2,17,,2021-04-22,meth/plastsolve.meth,meth/plastsolve.m6200,meth/peakident.ocm
Unknown,Pyro_PlastSolve-646,647,ZS-2074,1,2,18,,2021-04-22,meth/plastsolve.meth,meth/plastsolve.m6200,meth/peakident.ocm
Unknown,Pyro_PlastSolve-647,648,ZS-2075,1,2,19,,2021-04-22,meth/plastsolve.meth,meth/plastsolve.m6200,meth/peakident.ocm
Unknown,Pyro_PlastSolve-648,649,100 ug/mL PlastMix with PS-d5,1,2,20,,2021-04-22,meth/plastsolve.meth,meth/plastsolve.m6200,meth/peakident.ocm
Unknown,Pyro_PlastSolve-649,650,ZS-2076,1,2,21,,2021-04-22,meth/plastsolve.meth,meth/plastsolve.m6200,meth/peakident.ocm
Unknown,Pyro_PlastSolve-650,651,ZS-2077,1,2,22,,2021-04-22,meth/plastsolve.meth,meth/plastsolve.m6200,meth/peakident.ocm
Unknown,Pyro_PlastSolve-651,652,ZS-2078,1,2,23,,2021-04-22,meth/plastsolve.meth,meth/plastsolve.m6200,meth/peakident.ocm
Unknown,Pyro_PlastSolve-652,653,ZS-2079,1,2,24,,2021-04-22,meth/plastsolve.meth,meth/plastsolve.m6200,meth/peakident.ocm
Unknown,Pyro_PlastSolve-653,654,ZS-2080,1,2,25,,2021-04-22,meth/plastsolve.meth,meth/plastsolve.m6200,meth/peakident.ocm
Unknown,Pyro_PlastSolve-654,655,ZS-2081,1,2,26,,2021-04-22,meth/plastsolve.meth,meth/plastsolve.m6200,meth/peakident.ocm
Unknown,Pyro_PlastSolve-655,656,ZS-2082,1,2,27,,2021-04-22,meth/plastsolve.meth,meth/plastsolve.m6200,meth/peakident.ocm
Unknown,Pyro_PlastSolve-656,657,100 ug/mL PlastMix with PS-d5,1,2,28,,2021-04-22,meth/plastsolve.meth,meth/plastsolve.m6200,meth/peakident.ocm
Unknown,Pyro_PlastSolve-657,658,ZS-2083,1,2,29,,2021-04-22,meth/plastsolve.meth,meth/plastsolve.m6200,meth/peakident.ocm
Unknown,Pyro_PlastSolve-658,659,ZS-2084,1,2,30,,2021-04-22,meth/plastsolve.meth,meth/plastsolve.m6200,meth/peakident.ocm
Unknown,Pyro_PlastSolve-659,660,ZS-2023,1,2,32,Repetition,2021-04-22,meth/plastsolve.meth,meth/plastsolve.m6200,meth/peakident.ocm
Unknown,Pyro_PlastSolve-660,661,0 ug/mL PlastMix with PS-d5,1,2,1,,2021-04-26,meth/plastsolve.meth,meth/plastsolve.m6200,meth/peakident.ocm
Unknown,Pyro_PlastSolve-661,662,5 ug/mL PlastMix with PS-d5,1,2,2,,2021-04-26,meth/plastsolve.meth,meth/plastsolve.m6200,meth/peakident.ocm
Unknown,Pyro_PlastSolve-662,663,10 ug/mL PlastMix with PS-d5,1,2,3,,2021-04-26,meth/plastsolve.meth,meth/plastsolve.m6200,meth/peakident.ocm
Unknown,Pyro_PlastSolve-663,664,20 ug/mL PlastMix with PS-d5,1,2,4,,2021-04-26,meth/plastsolve.meth,meth/plastsolve.m6200,meth/peakident.ocm
Unknown,Pyro_PlastSolve-664,665,50 ug/mL PlastMix with PS-d5,1,2,5,,2021-04-26,meth/plastsolve.meth,meth/plastsolve.m6200,meth/peakident.ocm
Unknown,Pyro_PlastSolve-665,666,100 ug/mL PlastMix with PS-d5,1,2,6,,2021-04-26,meth/plastsolve.meth,meth/plastsolve.m6200,meth/peakident.ocm
Unknown,Pyro_PlastSolve-666,667,150 ug/mL PlastMix with PS-d5,1,2,7,,2021-04-26,meth/plastsolve.meth,meth/plastsolve.m6200,meth/peakident.ocm
Unknown,Pyro_PlastSolve-667,668,200 ug/mL PlastMix with PS-d5,1,2,8,Quartz tube displaced,2021-04-26,meth/plastsolve.meth,meth/plastsolve.m6200,meth/peakident.ocm
Unknown,Pyro_PlastSolve-668,669,ZS-2250,1,2,9,,2021-04-26,meth/plastsolve.meth,meth/plastsolve.m6200,meth/peakident.ocm
Unknown,Pyro_PlastSolve-669,670,ZS-2251,1,2,10,,2021-04-26,meth/plastsolve.meth,meth/plastsolve.m6200,meth/peakident.ocm
Unknown,Pyro_PlastSolve-670,671,ZS-2252,1,2,11,,2021-04-26,meth/plastsolve.meth,meth/plastsolve.m6200,meth/peakident.ocm
Unknown,Pyro_PlastSolve-671,672,ZS-2253,1,2,12,,2021-04-26,meth/plastsolve.meth,meth/plastsolve.m6200,meth/peakident.ocm
Unknown,Pyro_PlastSolve-672,673,ZS-2254,1,2,13,,2021-04-26,meth/plastsolve.meth,meth/plastsolve.m6200,meth/peakident.ocm
Unknown,Pyro_PlastSolve-673,674,ZS-2085,1,2,14,,2021-04-27,meth/plastsolve.meth,meth/plastsolve.m6200,meth/peakident.ocm
Unknown,Pyro_PlastSolve-674,675,ZS-2086,1,2,15,,2021-04-27,meth/plastsolve.meth,meth/plastsolve.m6200,meth/peakident.ocm
Unknown,Pyro_PlastSolve-675,676,ZS-2087,1,2,16,,2021-04-27,meth/plastsolve.meth,meth/plastsolve.m6200,meth/peakident.ocm
Unknown,Pyro_PlastSolve-676,677,100 ug/mL PlastMix with PS-d5,1,2,17,,2021-04-27,meth/plastsolve.meth,meth/plastsolve.m6200,meth/peakident.ocm
Unknown,Pyro_PlastSolve-677,678,ZS-2088,1,2,18,,2021-04-27,meth/plastsolve.meth,meth/plastsolve.m6200,meth/peakident.ocm
Unknown,Pyro_PlastSolve-678,679,ZS-2089,1,2,19,,2021-04-27,meth/plastsolve.meth,meth/plastsolve.m6200,meth/peakident.ocm
Unknown,Pyro_PlastSolve-679,680,ZS-2090,1,2,20,,2021-04-27,meth/plastsolve.meth,meth/plastsolve.m6200,meth/peakident.ocm
Unknown,Pyro_PlastSolve-680,681,ZS-2151,1,2,21,,2021-04-27,meth/plastsolve.meth,meth/plastsolve.m6200,meth/peakident.ocm
Unknown,Pyro_PlastSolve-681,682,ZS-2152,1,2,22,,2021-04-27,meth/plastsolve.meth,meth/plastsolve.m6200,meth/peakident.ocm
Unknown,Pyro_PlastSolve-682,683,ZS-2153,1,2,23,,2021-04-27,meth/plastsolve.meth,meth/plastsolve.m6200,meth/peakident.ocm
Unknown,Pyro_PlastSolve-683,684,ZS-2154,1,2,24,,2021-04-27,meth/plastsolve.meth,meth/plastsolve.m6200,meth/peakident.ocm
Unknown,Pyro_PlastSolve-684,685,100 ug/mL PlastMix with PS-d5,1,2,25,,2021-04-27,meth/plastsolve.meth,meth/plastsolve.m6200,meth/peakident.ocm
Unknown,Pyro_PlastSolve-685,686,ZS-2155,1,2,26,,2021-04-27,meth/plastsolve.meth,meth/plastsolve.m6200,meth/peakident.ocm
Unknown,Pyro_PlastSolve-686,687,ZS-2156,1,2,27,,2021-04-27,meth/plastsolve.meth,meth/plastsolve.m6200,meth/peakident.ocm
Unknown,Pyro_PlastSolve-687,688,ZS-2157,1,2,28,,2021-04-27,meth/plastsolve.meth,meth/plastsolve.m6200,meth/peakident.ocm
Unknown,Pyro_PlastSolve-688,689,ZS-2158,1,2,29,,2021-04-27,meth/plastsolve.meth,meth/plastsolve.m6200,meth/peakident.ocm
Unknown,Pyro_PlastSolve-689,690,ZS-2159,1,2,30,,2021-04-28,meth/plastsolve.meth,meth/plastsolve.m6200,meth/peakident.ocm
Unknown,Pyro_PlastSolve-690,691,ZS-2160,1,2,31,,2021-04-28,meth/plastsolve.meth,meth/plastsolve.m6200,meth/peakident.ocm
Unknown,Pyro_PlastSolve-691,692,ZS-2161,1,2,32,,2021-04-28,meth/plastsolve.meth,meth/plastsolve.m6200,meth/peakident.ocm
Unknown,Pyro_PlastSolve-692,693,100 ug/mL PlastMix with PS-d5,1,2,33,,2021-04-28,meth/plastsolve.meth,meth/plastsolve.m6200,meth/peakident.ocm
Unknown,Pyro_PlastSolve-693,694,ZS-2162,1,2,34,,2021-04-28,meth/plastsolve.meth,meth/plastsolve.m6200,meth/peakident.ocm
Unknown,Pyro_PlastSolve-694,695,ZS-2163,1,2,35,,2021-04-28,meth/plastsolve.meth,meth/plastsolve.m6200,meth/peakident.ocm
Unknown,Pyro_PlastSolve-695,696,ZS-2164,1,2,36,,2021-04-28,meth/plastsolve.meth,meth/plastsolve.m6200,meth/peakident.ocm
Unknown,Pyro_PlastSolve-696,697,ZS-2165,1,2,37,,2021-04-28,meth/plastsolve.meth,meth/plastsolve.m6200,meth/peakident.ocm
Unknown,Pyro_PlastSolve-697,698,ZS-2166,1,2,38,,2021-04-28,meth/plastsolve.meth,meth/plastsolve.m6200,meth/peakident.ocm
Unknown,Pyro_PlastSolve-698,699,ZS-2167,1,2,39,,2021-04-28,meth/plastsolve.meth,meth/plastsolve.m6200,meth/peakident.ocm
Unknown,Pyro_PlastSolve-699,700,ZS-2168,1,2,40,,2021-04-28,meth/plastsolve.meth,meth/plastsolve.m6200,meth/peakident.ocm
Unknown,Pyro_PlastSolve-700,701,100 ug/mL PlastMix with PS-d5,1,2,41,,2021-04-28,meth/plastsolve.meth,meth/plastsolve.m6200,meth/peakident.ocm
Unknown,Pyro_PlastSolve-701,702,ZS-2169,1,2,1,,2021-04-28,meth/plastsolve.meth,meth/plastsolve.m6200,meth/peakident.ocm
Unknown,Pyro_PlastSolve-702,703,ZS-2170,1,2,2,,2021-04-28,meth/plastsolve.meth,meth/plastsolve.m6200,meth/peakident.ocm
Unknown,Pyro_PlastSolve-703,704,ZS-2171,1,2,3,,2021-04-29,meth/plastsolve.meth,meth/plastsolve.m6200,meth/peakident.ocm
Unknown,Pyro_PlastSolve-704,705,ZS-2172,1,2,4,,2021-04-29,meth/plastsolve.meth,meth/plastsolve.m6200,meth/peakident.ocm
Unknown,Pyro_PlastSolve-705,706,ZS-2173,1,2,5,,2021-04-29,meth/plastsolve.meth,meth/plastsolve.m6200,meth/peakident.ocm
Unknown,Pyro_PlastSolve-706,707,ZS-2174,1,2,6,,2021-04-29,meth/plastsolve.meth,meth/plastsolve.m6200,meth/peakident.ocm
Unknown,Pyro_PlastSolve-707,708,100 ug/mL PlastMix with PS-d5,1,2,7,,2021-04-29,meth/plastsolve.meth,meth/plastsolve.m6200,meth/peakident.ocm
Unknown,Pyro_PlastSolve-708,709,ZS-2175,1,2,8,,2021-04-29,meth/plastsolve.meth,meth/plastsolve.m6200,meth/peakident.ocm
Unknown,Pyro_PlastSolve-709,710,ZS-2176,1,2,9,,2021-04-29,meth/plastsolve.meth,meth/plastsolve.m6200,meth/peakident.ocm
Unknown,Pyro_PlastSolve-710,711,ZS-2177,1,2,10,,2021-04-29,meth/plastsolve.meth,meth/plastsolve.m6200,meth/peakident.ocm
Unknown,Pyro_PlastSolve-711,712,ZS-2178,1,2,11,,2021-04-29,meth/plastsolve.meth,meth/plastsolve.m6200,meth/peakident.ocm
Unknown,Pyro_PlastSolve-712,713,ZS-2179,1,2,12,,2021-04-29,meth/plastsolve.meth,meth/plastsolve.m6200,meth/peakident.ocm
Unknown,Pyro_PlastSolve-713,714,ZS-2180,1,2,13,,2021-04-29,meth/plastsolve.meth,meth/plastsolve.m6200,meth/peakident.ocm
Unknown,Pyro_PlastSolve-714,715,ZS-2181,1,2,14,,2021-04-29,meth/plastsolve.meth,meth/plastsolve.m6200,meth/peakident.ocm
Unknown,Pyro_PlastSolve-715,716,100 ug/mL PlastMix with PS-d5,1,2,15,,2021-04-29,meth/plastsolve.meth,meth/plastsolve.m6200,meth/peakident.ocm
Unknown,Pyro_PlastSolve-716,717,ZS-2182,1,2,16,,2021-04-29,meth/plastsolve.meth,meth/plastsolve.m6200,meth/peakident.ocm
Unknown,Pyro_PlastSolve-717,718,ZS-2183,1,2,17,,2021-04-29,meth/plastsolve.meth,meth/plastsolve.m6200,meth/peakident.ocm
Unknown,Pyro_PlastSolve-718,719,ZS-2184,1,2,18,Pyroprobe failed,2021-04-29,meth/plastsolve.meth,meth/plastsolve.m6200,meth/peakident.ocm
Unknown,Pyro_PlastSolve-719,720,ZS-2185,1,2,19,,2021-04-29,meth/plastsolve.meth,meth/plastsolve.m6200,meth/peakident.ocm
Unknown,Pyro_PlastSolve-720,721,ZS-2186,1,2,20,,2021-04-30,meth/plastsolve.meth,meth/plastsolve.m6200,meth/peakident.ocm
Unknown,Pyro_PlastSolve-721,722,ZS-2187,1,2,21,,2021-04-30,meth/plastsolve.meth,meth/plastsolve.m6200,meth/peakident.ocm
Unknown,Pyro_PlastSolve-722,723,ZS-2188,1,2,22,,2021-04-30,meth/plastsolve.meth,meth/plastsolve.m6200,meth/peakident.ocm
Unknown,Pyro_PlastSolve-723,724,100 ug/mL PlastMix with PS-d5,1,2,23,,2021-04-30,meth/plastsolve.meth,meth/plastsolve.m6200,meth/peakident.ocm
Unknown,Pyro_PlastSolve-724,725,ZS-2189,1,2,24,,2021-04-30,meth/plastsolve.meth,meth/plastsolve.m6200,meth/peakident.ocm
Unknown,Pyro_PlastSolve-725,726,ZS-2190,1,2,25,,2021-04-30,meth/plastsolve.meth,meth/plastsolve.m6200,meth/peakident.ocm
Unknown,Pyro_PlastSolve-726,727,ZS-2191,1,2,26,,2021-04-30,meth/plastsolve.meth,meth/plastsolve.m6200,meth/peakident.ocm
Unknown,Pyro_PlastSolve-727,728,ZS-2192,1,2,27,,2021-04-30,meth/plastsolve.meth,meth/plastsolve.m6200,meth/peakident.ocm
Unknown,Pyro_PlastSolve-728,729,ZS-2193,1,2,28,,2021-04-30,meth/plastsolve.meth,meth/plastsolve.m6200,meth/peakident.ocm
Unknown,Pyro_PlastSolve-729,730,100 ug/mL PlastMix with PS-d5,1,2,29,,2021-04-30,meth/plastsolve.meth,meth/plastsolve.m6200,meth/peakident.ocm
Unknown,Pyro_PlastSolve-730,731,ZS-2194,1,2,30,,2021-04-30,meth/plastsolve.meth,meth/plastsolve.m6200,meth/peakident.ocm
Unknown,Pyro_PlastSolve-731,732,ZS-2195,1,2,31,,2021-04-30,meth/plastsolve.meth,meth/plastsolve.m6200,meth/peakident.ocm
Unknown,Pyro_PlastSolve-732,733,ZS-2196,1,2,32,,2021-04-30,meth/plastsolve.meth,meth/plastsolve.m6200,meth/peakident.ocm
Unknown,Pyro_PlastSolve-733,734,0 ug/mL PlastMix with PS-d5,1,2,1,,2021-05-03,meth/plastsolve.meth,meth/plastsolve.m6200,meth/peakident.ocm
Unknown,Pyro_PlastSolve-734,735,5 ug/mL PlastMix with PS-d5,1,2,2,,2021-05-03,meth/plastsolve.meth,meth/plastsolve.m6200,meth/peakident.ocm
Unknown,Pyro_PlastSolve-735,736,10 ug/mL PlastMix with PS-d5,1,2,3,,2021-05-03,meth/plastsolve.meth,meth/plastsolve.m6200,meth/peakident.ocm
Unknown,Pyro_PlastSolve-736,737,20 ug/mL PlastMix with PS-d5,1,2,4,,2021-05-03,meth/plastsolve.meth,meth/plastsolve.m6200,meth/peakident.ocm
Unknown,Pyro_PlastSolve-737,738,50 ug/mL PlastMix with PS-d5,1,2,5,,2021-05-03,meth/plastsolve.meth,meth/plastsolve.m6200,meth/peakident.ocm
Unknown,Pyro_PlastSolve-738,739,100 ug/mL PlastMix with PS-d5,1,2,6,,2021-05-03,meth/plastsolve.meth,meth/plastsolve.m6200,meth/peakident.ocm
Unknown,Pyro_PlastSolve-739,740,150 ug/mL PlastMix with PS-d5,1,2,7,,2021-05-03,meth/plastsolve.meth,meth/plastsolve.m6200,meth/peakident.ocm
Unknown,Pyro_PlastSolve-740,741,200 ug/mL PlastMix with PS-d5,1,2,8,,2021-05-03,meth/plastsolve.meth,meth/plastsolve.m6200,meth/peakident.ocm
Unknown,Pyro_PlastSolve-741,742,ZS-2197,1,2,9,,2021-05-03,meth/plastsolve.meth,meth/plastsolve.m6200,meth/peakident.ocm
Unknown,Pyro_PlastSolve-742,743,ZS-2198,1,2,10,,2021-05-03,meth/plastsolve.meth,meth/plastsolve.m6200,meth/peakident.ocm
Unknown,Pyro_PlastSolve-743,744,ZS-2199,1,2,11,,2021-05-03,meth/plastsolve.meth,meth/plastsolve.m6200,meth/peakident.ocm
Unknown,Pyro_PlastSolve-744,745,ZS-2200,1,2,12,,2021-05-03,meth/plastsolve.meth,meth/plastsolve.m6200,meth/peakident.ocm
Unknown,Pyro_PlastSolve-745,746,ZS-2201,1,2,13,,2021-05-03,meth/plastsolve.meth,meth/plastsolve.m6200,meth/peakident.ocm
Unknown,Pyro_PlastSolve-746,747,ZS-2202,1,2,14,,2021-05-04,meth/plastsolve.meth,meth/plastsolve.m6200,meth/peakident.ocm
Unknown,Pyro_PlastSolve-747,748,ZS-2203,1,2,15,,2021-05-04,meth/plastsolve.meth,meth/plastsolve.m6200,meth/peakident.ocm
Unknown,Pyro_PlastSolve-748,749,ZS-2204,1,2,16,,2021-05-04,meth/plastsolve.meth,meth/plastsolve.m6200,meth/peakident.ocm
Unknown,Pyro_PlastSolve-749,750,100 ug/mL PlastMix with PS-d5,1,2,17,,2021-05-04,meth/plastsolve.meth,meth/plastsolve.m6200,meth/peakident.ocm
Unknown,Pyro_PlastSolve-750,751,ZS-2205,1,2,18,,2021-05-04,meth/plastsolve.meth,meth/plastsolve.m6200,meth/peakident.ocm
Unknown,Pyro_PlastSolve-751,752,ZS-2206,1,2,19,,2021-05-04,meth/plastsolve.meth,meth/plastsolve.m6200,meth/peakident.ocm
Unknown,Pyro_PlastSolve-752,753,ZS-2207,1,2,20,,2021-05-04,meth/plastsolve.meth,meth/plastsolve.m6200,meth/peakident.ocm
Unknown,Pyro_PlastSolve-753,754,ZS-2208,1,2,21,,2021-05-04,meth/plastsolve.meth,meth/plastsolve.m6200,meth/peakident.ocm
Unknown,Pyro_PlastSolve-754,755,ZS-2209,1,2,22,,2021-05-04,meth/plastsolve.meth,meth/plastsolve.m6200,meth/peakident.ocm
Unknown,Pyro_PlastSolve-755,756,ZS-2210,1,2,23,,2021-05-04,meth/plastsolve.meth,meth/plastsolve.m6200,meth/peakident.ocm
Unknown,Pyro_PlastSolve-756,757,ZS-2211,1,2,24,,2021-05-04,meth/plastsolve.meth,meth/plastsolve.m6200,meth/peakident.ocm
Unknown,Pyro_PlastSolve-757,758,100 ug/mL PlastMix with PS-d5,1,2,25,,2021-05-04,meth/plastsolve.meth,meth/plastsolve.m6200,meth/peakident.ocm
Unknown,Pyro_PlastSolve-758,759,ZS-2212,1,2,26,,2021-05-04,meth/plastsolve.meth,meth/plastsolve.m6200,meth/peakident.ocm
Unknown,Pyro_PlastSolve-759,760,ZS-2213,1,2,27,,2021-05-04,meth/plastsolve.meth,meth/plastsolve.m6200,meth/peakident.ocm
Unknown,Pyro_PlastSolve-760,761,ZS-2214,1,2,28,,2021-05-04,meth/plastsolve.meth,meth/plastsolve.m6200,meth/peakident.ocm
Unknown,Pyro_PlastSolve-761,762,ZS-2215,1,2,29,,2021-05-05,meth/plastsolve.meth,meth/plastsolve.m6200,meth/peakident.ocm
Unknown,Pyro_PlastSolve-762,763,ZS-2216,1,2,30,,2021-05-05,meth/plastsolve.meth,meth/plastsolve.m6200,meth/peakident.ocm
Unknown,Pyro_PlastSolve-763,764,ZS-2217,1,2,31,,2021-05-05,meth/plastsolve.meth,meth/plastsolve.m6200,meth/peakident.ocm
Unknown,Pyro_PlastSolve-764,765,ZS-2218,1,2,32,,2021-05-05,meth/plastsolve.meth,meth/plastsolve.m6200,meth/peakident.ocm
Unknown,Pyro_PlastSolve-765,766,100 ug/mL PlastMix with PS-d5,1,2,33,,2021-05-05,meth/plastsolve.meth,meth/plastsolve.m6200,meth/peakident.ocm
Unknown,Pyro_PlastSolve-766,767,ZS-2219,1,2,34,,2021-05-05,meth/plastsolve.meth,meth/plastsolve.m6200,meth/peakident.ocm
Unknown,Pyro_PlastSolve-767,768,ZS-2220,1,2,35,,2021-05-05,meth/plastsolve.meth,meth/plastsolve.m6200,meth/peakident.ocm
Unknown,Pyro_PlastSolve-768,769,ZS-2221,1,2,36,,2021-05-05,meth/plastsolve.meth,meth/plastsolve.m6200,meth/peakident.ocm
Unknown,Pyro_PlastSolve-769,770,ZS-2222,1,2,37,,2021-05-05,meth/plastsolve.meth,meth/plastsolve.m6200,meth/peakident.ocm
Unknown,Pyro_PlastSolve-770,771,ZS-2223,1,2,38,,2021-05-05,meth/plastsolve.meth,meth/plastsolve.m6200,meth/peakident.ocm
Unknown,Pyro_PlastSolve-771,772,ZS-2224,1,2,39,,2021-05-05,meth/plastsolve.meth,meth/plastsolve.m6200,meth/peakident.ocm
Unknown,Pyro_PlastSolve-772,773,ZS-2225,1,2,40,,2021-05-05,meth/plastsolve.meth,meth/plastsolve.m6200,meth/peakident.ocm
Unknown,Pyro_PlastSolve-773,774,100 ug/mL PlastMix with PS-d5,1,2,41,,2021-05-05,meth/plastsolve.meth,meth/plastsolve.m6200,meth/peakident.ocm
Unknown,Pyro_PlastSolve-774,775,ZS-2226,1,2,1,,2021-05-05,meth/plastsolve.meth,meth/plastsolve.m6200,meth/peakident.ocm
Unknown,Pyro_PlastSolve-775,776,ZS-2227,1,2,2,,2021-05-05,meth/plastsolve.meth,meth/plastsolve.m6200,meth/peakident.ocm
Unknown,Pyro_PlastSolve-776,777,ZS-2228,1,2,3,,2021-05-05,meth/plastsolve.meth,meth/plastsolve.m6200,meth/peakident.ocm
Unknown,Pyro_PlastSolve-777,778,ZS-2229,1,2,4,,2021-05-05,meth/plastsolve.meth,meth/plastsolve.m6200,meth/peakident.ocm
Unknown,Pyro_PlastSolve-778,779,ZS-2230,1,2,5,,2021-05-06,meth/plastsolve.meth,meth/plastsolve.m6200,meth/peakident.ocm
Unknown,Pyro_PlastSolve-779,780,ZS-2231,1,2,6,,2021-05-06,meth/plastsolve.meth,meth/plastsolve.m6200,meth/peakident.ocm
Unknown,Pyro_PlastSolve-780,781,ZS-2232,1,2,7,,2021-05-06,meth/plastsolve.meth,meth/plastsolve.m6200,meth/peakident.ocm
Unknown,Pyro_PlastSolve-781,782,100 ug/mL PlastMix with PS-d5,1,2,8,,2021-05-06,meth/plastsolve.meth,meth/plastsolve.m6200,meth/peakident.ocm
Unknown,Pyro_PlastSolve-782,783,ZS-2233,1,2,9,,2021-05-06,meth/plastsolve.meth,meth/plastsolve.m6200,meth/peakident.ocm
Unknown,Pyro_PlastSolve-783,784,ZS-2234,1,2,10,,2021-05-06,meth/plastsolve.meth,meth/plastsolve.m6200,meth/peakident.ocm
Unknown,Pyro_PlastSolve-784,785,ZS-2235,1,2,11,,2021-05-06,meth/plastsolve.meth,meth/plastsolve.m6200,meth/peakident.ocm
Unknown,Pyro_PlastSolve-785,786,ZS-2236,1,2,12,,2021-05-06,meth/plastsolve.meth,meth/plastsolve.m6200,meth/peakident.ocm
Unknown,Pyro_PlastSolve-786,787,ZS-2237,1,2,13,,2021-05-06,meth/plastsolve.meth,meth/plastsolve.m6200,meth/peakident.ocm
Unknown,Pyro_PlastSolve-787,788,ZS-2238,1,2,14,,2021-05-06,meth/plastsolve.meth,meth/plastsolve.m6200,meth/peakident.ocm
Unknown,Pyro_PlastSolve-788,789,ZS-2239,1,2,15,,2021-05-06,meth/plastsolve.meth,meth/plastsolve.m6200,meth/peakident.ocm
Unknown,Pyro_PlastSolve-789,790,100 ug/mL PlastMix with PS-d5,1,2,16,Possibly contaminated,2021-05-06,meth/plastsolve.meth,meth/plastsolve.m6200,meth/peakident.ocm
Unknown,Pyro_PlastSolve-790,791,ZS-2240,1,2,17,,2021-05-06,meth/plastsolve.meth,meth/plastsolve.m6200,meth/peakident.ocm
Unknown,Pyro_PlastSolve-791,792,ZS-2044,1,2,18,Repetition,2021-05-06,meth/plastsolve.meth,meth/plastsolve.m6200,meth/peakident.ocm
Unknown,Pyro_PlastSolve-792,793,ZS-2048,1,2,19,Repetition,2021-05-06,meth/plastsolve.meth,meth/plastsolve.m6200,meth/peakident.ocm
Unknown,Pyro_PlastSolve-793,794,ZS-2064,1,2,20,Repetition,2021-05-07,meth/plastsolve.meth,meth/plastsolve.m6200,meth/peakident.ocm
Unknown,Pyro_PlastSolve-794,795,ZS-2065,1,2,21,Repetition,2021-05-07,meth/plastsolve.meth,meth/plastsolve.m6200,meth/peakident.ocm
Unknown,Pyro_PlastSolve-795,796,ZS-2066,1,2,22,Repetition,2021-05-07,meth/plastsolve.meth,meth/plastsolve.m6200,meth/peakident.ocm
Unknown,Pyro_PlastSolve-796,797,100 ug/mL PlastMix with PS-d5,1,2,23,Repetition,2021-05-07,meth/plastsolve.meth,meth/plastsolve.m6200,meth/peakident.ocm
Unknown,Pyro_PlastSolve-797,798,ZS-2073,1,2,24,Repetition,2021-05-07,meth/plastsolve.meth,meth/plastsolve.m6200,meth/peakident.ocm
Unknown,Pyro_PlastSolve-798,799,ZS-2074,1,2,25,Repetition,2021-05-07,meth/plastsolve.meth,meth/plastsolve.m6200,meth/peakident.ocm
Unknown,Pyro_PlastSolve-799,800,ZS-2184,1,2,26,Repetition,2021-05-07,meth/plastsolve.meth,meth/plastsolve.m6200,meth/peakident.ocm
Unknown,Pyro_PlastSolve-800,801,ZS-2243,1,2,27,Repetition,2021-05-07,meth/plastsolve.meth,meth/plastsolve.m6200,meth/peakident.ocm
Unknown,Pyro_PlastSolve-801,802,ZS-2091,1,2,28,,2021-05-07,meth/plastsolve.meth,meth/plastsolve.m6200,meth/peakident.ocm
Unknown,Pyro_PlastSolve-802,803,100 ug/mL PlastMix with PS-d5,1,2,29,,2021-05-07,meth/plastsolve.meth,meth/plastsolve.m6200,meth/peakident.ocm
Unknown,Pyro_PlastSolve-803,804,ZS-2092,1,2,30,,2021-05-07,meth/plastsolve.meth,meth/plastsolve.m6200,meth/peakident.ocm
Unknown,Pyro_PlastSolve-804,805,ZS-2093,1,2,31,,2021-05-07,meth/plastsolve.meth,meth/plastsolve.m6200,meth/peakident.ocm
Unknown,Pyro_PlastSolve-805,806,ZS-2094,1,2,32,,2021-05-07,meth/plastsolve.meth,meth/plastsolve.m6200,meth/peakident.ocm
Unknown,Pyro_PlastSolve-806,807,100 ug/mL PlastMix with PS-d5,1,2,1,Tests after MS cleaning,2021-05-12,meth/plastsolve.meth,meth/plastsolve.m6200,meth/peakident.ocm
Unknown,Pyro_PlastSolve-807,808,Empty tube,1,2,0,Tests after MS cleaning,2021-05-12,meth/plastsolve.meth,meth/plastsolve.m6200,meth/peakident.ocm
Unknown,Pyro_PlastSolve-808,809,100 ug/mL PlastMix with PS-d5,1,2,2,Tests after MS cleaning,2021-05-14,meth/plastsolve.meth,meth/plastsolve.m6200,meth/peakident.ocm
Unknown,Pyro_PlastSolve-809,810,0 ug/mL PlastMix with PS-d5,1,2,1,,2021-05-17,meth/plastsolve.meth,meth/plastsolve.m6200,meth/peakident.ocm
Unknown,Pyro_PlastSolve-810,811,5 ug/mL PlastMix with PS-d5,1,2,2,,2021-05-17,meth/plastsolve.meth,meth/plastsolve.m6200,meth/peakident.ocm
Unknown,Pyro_PlastSolve-811,812,10 ug/mL PlastMix with PS-d5,1,2,3,,2021-05-17,meth/plastsolve.meth,meth/plastsolve.m6200,meth/peakident.ocm
Unknown,Pyro_PlastSolve-812,813,20 ug/mL PlastMix with PS-d5,1,2,4,,2021-05-17,meth/plastsolve.meth,meth/plastsolve.m6200,meth/peakident.ocm
Unknown,Pyro_PlastSolve-813,814,50 ug/mL PlastMix with PS-d5,1,2,5,,2021-05-17,meth/plastsolve.meth,meth/plastsolve.m6200,meth/peakident.ocm
Unknown,Pyro_PlastSolve-814,815,100 ug/mL PlastMix with PS-d5,1,2,6,,2021-05-17,meth/plastsolve.meth,meth/plastsolve.m6200,meth/peakident.ocm
Unknown,Pyro_PlastSolve-815,816,150 ug/mL PlastMix with PS-d5,1,2,7,,2021-05-17,meth/plastsolve.meth,meth/plastsolve.m6200,meth/peakident.ocm
Unknown,Pyro_PlastSolve-816,817,200 ug/mL PlastMix with PS-d5,1,2,8,,2021-05-17,meth/plastsolve.meth,meth/plastsolve.m6200,meth/peakident.ocm
Unknown,Pyro_PlastSolve-817,818,ZS-2095,1,2,1,,2021-05-17,meth/plastsolve.meth,meth/plastsolve.m6200,meth/peakident.ocm
Unknown,Pyro_PlastSolve-818,819,ZS-2096,1,2,2,"Vial not properly closed, solvent loss",2021-05-17,meth/plastsolve.meth,meth/plastsolve.m6200,meth/peakident.ocm
Unknown,Pyro_PlastSolve-819,820,ZS-2097,1,2,3,,2021-05-17,meth/plastsolve.meth,meth/plastsolve.m6200,meth/peakident.ocm
Unknown,Pyro_PlastSolve-820,821,ZS-2098,1,2,4,,2021-05-17,meth/plastsolve.meth,meth/plastsolve.m6200,meth/peakident.ocm
Unknown,Pyro_PlastSolve-821,822,ZS-2099,1,2,5,,2021-05-17,meth/plastsolve.meth,meth/plastsolve.m6200,meth/peakident.ocm
Unknown,Pyro_PlastSolve-822,823,ZS-2100,1,2,6,"Empty chromatogram, pyrolyzer failed",2021-05-17,meth/plastsolve.meth,meth/plastsolve.m6200,meth/peakident.ocm
Unknown,Pyro_PlastSolve-823,824,ZS-2101,1,2,7,"Empty chromatogram, pyrolyzer failed",2021-05-18,meth/plastsolve.meth,meth/plastsolve.m6200,meth/peakident.ocm
Unknown,Pyro_PlastSolve-824,825,ZS-2102,1,2,8,"Empty chromatogram, pyrolyzer failed",2021-05-18,meth/plastsolve.meth,meth/plastsolve.m6200,meth/peakident.ocm
Unknown,Pyro_PlastSolve-825,826,ZS-2103,1,2,9,"Empty chromatogram, pyrolyzer failed",2021-05-18,meth/plastsolve.meth,meth/plastsolve.m6200,meth/peakident.ocm
Unknown,Pyro_PlastSolve-826,827,ZS-2104,1,2,10,"Empty chromatogram, pyrolyzer failed",2021-05-18,meth/plastsolve.meth,meth/plastsolve.m6200,meth/peakident.ocm
Unknown,Pyro_PlastSolve-827,828,100 ug/mL PlastMix with PS-d5,1,2,11,"Empty chromatogram, pyrolyzer failed",2021-05-18,meth/plastsolve.meth,meth/plastsolve.m6200,meth/peakident.ocm
Unknown,Pyro_PlastSolve-828,829,ZS-2105,1,2,12,"Empty chromatogram, pyrolyzer failed",2021-05-18,meth/plastsolve.meth,meth/plastsolve.m6200,meth/peakident.ocm
Unknown,Pyro_PlastSolve-829,830,ZS-2106,1,2,13,"Empty chromatogram, pyrolyzer failed",2021-05-18,meth/plastsolve.meth,meth/plastsolve.m6200,meth/peakident.ocm
Unknown,Pyro_PlastSolve-830,831,ZS-2107,1,2,14,"Empty chromatogram, pyrolyzer failed",2021-05-18,meth/plastsolve.meth,meth/plastsolve.m6200,meth/peakident.ocm
Unknown,Pyro_PlastSolve-831,832,ZS-2108,1,2,15,"Empty chromatogram, pyrolyzer failed",2021-05-18,meth/plastsolve.meth,meth/plastsolve.m6200,meth/peakident.ocm
Unknown,Pyro_PlastSolve-832,833,ZS-2109,1,2,16,,2021-05-18,meth/plastsolve.meth,meth/plastsolve.m6200,meth/peakident.ocm
Unknown,Pyro_PlastSolve-833,834,ZS-2110,1,2,17,,2021-05-18,meth/plastsolve.meth,meth/plastsolve.m6200,meth/peakident.ocm
Unknown,Pyro_PlastSolve-834,835,ZS-2111,1,2,18,,2021-05-18,meth/plastsolve.meth,meth/plastsolve.m6200,meth/peakident.ocm
Unknown,Pyro_PlastSolve-835,836,100 ug/mL PlastMix with PS-d5,1,2,19,,2021-05-18,meth/plastsolve.meth,meth/plastsolve.m6200,meth/peakident.ocm
Unknown,Pyro_PlastSolve-836,837,ZS-2112,1,2,20,,2021-05-18,meth/plastsolve.meth,meth/plastsolve.m6200,meth/peakident.ocm
Unknown,Pyro_PlastSolve-837,838,ZS-2113,1,2,21,,2021-05-18,meth/plastsolve.meth,meth/plastsolve.m6200,meth/peakident.ocm
Unknown,Pyro_PlastSolve-838,839,ZS-2114,1,2,22,,2021-05-18,meth/plastsolve.meth,meth/plastsolve.m6200,meth/peakident.ocm
Unknown,Pyro_PlastSolve-839,840,ZS-2115,1,2,23,,2021-05-19,meth/plastsolve.meth,meth/plastsolve.m6200,meth/peakident.ocm
Unknown,Pyro_PlastSolve-840,841,ZS-2116,1,2,24,,2021-05-19,meth/plastsolve.meth,meth/plastsolve.m6200,meth/peakident.ocm
Unknown,Pyro_PlastSolve-841,842,ZS-2117,1,2,25,,2021-05-19,meth/plastsolve.meth,meth/plastsolve.m6200,meth/peakident.ocm
Unknown,Pyro_PlastSolve-842,843,ZS-2118,1,2,26,,2021-05-19,meth/plastsolve.meth,meth/plastsolve.m6200,meth/peakident.ocm
Unknown,Pyro_PlastSolve-843,844,ZS-2119,1,2,27,,2021-05-19,meth/plastsolve.meth,meth/plastsolve.m6200,meth/peakident.ocm
Unknown,Pyro_PlastSolve-844,845,100 ug/mL PlastMix with PS-d5,1,2,28,,2021-05-19,meth/plastsolve.meth,meth/plastsolve.m6200,meth/peakident.ocm
Unknown,Pyro_PlastSolve-845,846,ZS-2120,1,2,29,,2021-05-19,meth/plastsolve.meth,meth/plastsolve.m6200,meth/peakident.ocm
Unknown,Pyro_PlastSolve-846,847,ZS-2121,1,2,30,,2021-05-19,meth/plastsolve.meth,meth/plastsolve.m6200,meth/peakident.ocm
Unknown,Pyro_PlastSolve-847,848,ZS-2122,1,2,31,,2021-05-19,meth/plastsolve.meth,meth/plastsolve.m6200,meth/peakident.ocm
Unknown,Pyro_PlastSolve-848,849,ZS-2123,1,2,32,,2021-05-19,meth/plastsolve.meth,meth/plastsolve.m6200,meth/peakident.ocm
Unknown,Pyro_PlastSolve-849,850,ZS-2124,1,2,33,,2021-05-19,meth/plastsolve.meth,meth/plastsolve.m6200,meth/peakident.ocm
Unknown,Pyro_PlastSolve-850,851,ZS-2125,1,2,34,,2021-05-19,meth/plastsolve.meth,meth/plastsolve.m6200,meth/peakident.ocm
Unknown,Pyro_PlastSolve-851,852,ZS-2126,1,2,35,,2021-05-19,meth/plastsolve.meth,meth/plastsolve.m6200,meth/peakident.ocm
Unknown,Pyro_PlastSolve-852,853,100 ug/mL PlastMix with PS-d5,1,2,36,,2021-05-19,meth/plastsolve.meth,meth/plastsolve.m6200,meth/peakident.ocm
Unknown,Pyro_PlastSolve-853,854,ZS-2127,1,2,37,,2021-05-19,meth/plastsolve.meth,meth/plastsolve.m6200,meth/peakident.ocm
Unknown,Pyro_PlastSolve-854,855,ZS-2128,1,2,38,,2021-05-19,meth/plastsolve.meth,meth/plastsolve.m6200,meth/peakident.ocm
Unknown,Pyro_PlastSolve-855,856,ZS-2129,1,2,39,,2021-05-19,meth/plastsolve.meth,meth/plastsolve.m6200,meth/peakident.ocm
Unknown,Pyro_PlastSolve-856,857,ZS-2130,1,2,40,,2021-05-19,meth/plastsolve.meth,meth/plastsolve.m6200,meth/peakident.ocm
Unknown,Pyro_PlastSolve-857,858,ZS-2107,1,2,32,,2021-05-19,meth/plastsolve.meth,meth/plastsolve.m6200,meth/peakident.ocm
Unknown,Pyro_PlastSolve-858,859,ZS-2108,1,2,33,,2021-05-19,meth/plastsolve.meth,meth/plastsolve.m6200,meth/peakident.ocm
Unknown,Pyro_PlastSolve-859,860,ZS-2131,1,2,1,,2021-05-20,meth/plastsolve.meth,meth/plastsolve.m6200,meth/peakident.ocm
Unknown,Pyro_PlastSolve-860,861,ZS-2132,1,2,2,"Vial not properly closed, solvent loss",2021-05-20,meth/plastsolve.meth,meth/plastsolve.m6200,meth/peakident.ocm
Unknown,Pyro_PlastSolve-861,862,ZS-2133,1,2,3,,2021-05-20,meth/plastsolve.meth,meth/plastsolve.m6200,meth/peakident.ocm
Unknown,Pyro_PlastSolve-862,863,ZS-2134,1,2,4,,2021-05-20,meth/plastsolve.meth,meth/plastsolve.m6200,meth/peakident.ocm
Unknown,Pyro_PlastSolve-863,864,100 ug/mL PlastMix with PS-d5,1,2,5,,2021-05-20,meth/plastsolve.meth,meth/plastsolve.m6200,meth/peakident.ocm
Unknown,Pyro_PlastSolve-864,865,ZS-2135,1,2,6,,2021-05-20,meth/plastsolve.meth,meth/plastsolve.m6200,meth/peakident.ocm
Unknown,Pyro_PlastSolve-865,866,ZS-2136,1,2,7,,2021-05-20,meth/plastsolve.meth,meth/plastsolve.m6200,meth/peakident.ocm
Unknown,Pyro_PlastSolve-866,867,ZS-2137,1,2,8,,2021-05-20,meth/plastsolve.meth,meth/plastsolve.m6200,meth/peakident.ocm
Unknown,Pyro_PlastSolve-867,868,ZS-2138,1,2,9,,2021-05-20,meth/plastsolve.meth,meth/plastsolve.m6200,meth/peakident.ocm
Unknown,Pyro_PlastSolve-868,869,ZS-2139,1,2,10,,2021-05-20,meth/plastsolve.meth,meth/plastsolve.m6200,meth/peakident.ocm
Unknown,Pyro_PlastSolve-869,870,ZS-2140,1,2,11,"Vial not properly closed, solvent loss",2021-05-20,meth/plastsolve.meth,meth/plastsolve.m6200,meth/peakident.ocm
Unknown,Pyro_PlastSolve-870,871,ZS-2141,1,2,12,"Vial not properly closed, solvent loss",2021-05-20,meth/plastsolve.meth,meth/plastsolve.m6200,meth/peakident.ocm
Unknown,Pyro_PlastSolve-871,872,100 ug/mL PlastMix with PS-d5,1,2,13,,2021-05-20,meth/plastsolve.meth,meth/plastsolve.m6200,meth/peakident.ocm
Unknown,Pyro_PlastSolve-872,873,ZS-2142,1,2,14,,2021-05-20,meth/plastsolve.meth,meth/plastsolve.m6200,meth/peakident.ocm
Unknown,Pyro_PlastSolve-873,874,ZS-2143,1,2,15,"Vial not properly closed, solvent loss",2021-05-20,meth/plastsolve.meth,meth/plastsolve.m6200,meth/peakident.ocm
Unknown,Pyro_PlastSolve-874,875,ZS-2144,1,2,16,,2021-05-20,meth/plastsolve.meth,meth/plastsolve.m6200,meth/peakident.ocm
Unknown,Pyro_PlastSolve-875,876,ZS-2145,1,2,17,,2021-05-20,meth/plastsolve.meth,meth/plastsolve.m6200,meth/peakident.ocm
Unknown,Pyro_PlastSolve-876,877,ZS-2146,1,2,18,,2021-05-21,meth/plastsolve.meth,meth/plastsolve.m6200,meth/peakident.ocm
Unknown,Pyro_PlastSolve-877,878,ZS-2147,1,2,19,,2021-05-21,meth/plastsolve.meth,meth/plastsolve.m6200,meth/peakident.ocm
Unknown,Pyro_PlastSolve-878,879,ZS-2148,1,2,20,,2021-05-21,meth/plastsolve.meth,meth/plastsolve.m6200,meth/peakident.ocm
Unknown,Pyro_PlastSolve-879,880,100 ug/mL PlastMix with PS-d5,1,2,21,,2021-05-21,meth/plastsolve.meth,meth/plastsolve.m6200,meth/peakident.ocm
Unknown,Pyro_PlastSolve-880,881,ZS-2149,1,2,22,,2021-05-21,meth/plastsolve.meth,meth/plastsolve.m6200,meth/peakident.ocm
Unknown,Pyro_PlastSolve-881,882,ZS-2150,1,2,23,,2021-05-21,meth/plastsolve.meth,meth/plastsolve.m6200,meth/peakident.ocm
Unknown,Pyro_PlastSolve-882,883,ZS-2100,1,2,24,,2021-05-21,meth/plastsolve.meth,meth/plastsolve.m6200,meth/peakident.ocm
Unknown,Pyro_PlastSolve-883,884,ZS-2101,1,2,25,,2021-05-21,meth/plastsolve.meth,meth/plastsolve.m6200,meth/peakident.ocm
Unknown,Pyro_PlastSolve-884,885,ZS-2102,1,2,26,,2021-05-21,meth/plastsolve.meth,meth/plastsolve.m6200,meth/peakident.ocm
Unknown,Pyro_PlastSolve-885,886,ZS-2103,1,2,27,,2021-05-21,meth/plastsolve.meth,meth/plastsolve.m6200,meth/peakident.ocm
Unknown,Pyro_PlastSolve-886,887,100 ug/mL PlastMix with PS-d5,1,2,28,,2021-05-21,meth/plastsolve.meth,meth/plastsolve.m6200,meth/peakident.ocm
Unknown,Pyro_PlastSolve-887,888,ZS-2104,1,2,29,,2021-05-21,meth/plastsolve.meth,meth/plastsolve.m6200,meth/peakident.ocm
Unknown,Pyro_PlastSolve-888,889,ZS-2105,1,2,30,,2021-05-21,meth/plastsolve.meth,meth/plastsolve.m6200,meth/peakident.ocm
Unknown,Pyro_PlastSolve-889,890,ZS-2106,1,2,31,,2021-05-21,meth/plastsolve.meth,meth/plastsolve.m6200,meth/peakident.ocm
Unknown,Pyro_PlastSolve-890,891,ZS-2117,1,2,1,,2021-05-21,meth/plastsolve.meth,meth/plastsolve.m6200,meth/peakident.ocm
Unknown,Pyro_PlastSolve-891,892,ZS-2048,1,2,2,,2021-05-22,meth/plastsolve.meth,meth/plastsolve.m6200,meth/peakident.ocm
Unknown,Pyro_PlastSolve-892,893,ZS-2065,1,2,3,,2021-05-22,meth/plastsolve.meth,meth/plastsolve.m6200,meth/peakident.ocm
Unknown,Pyro_PlastSolve-893,894,ZS-2073,1,2,4,,2021-05-22,meth/plastsolve.meth,meth/plastsolve.m6200,meth/peakident.ocm
Unknown,Pyro_PlastSolve-894,895,100 ug/mL PlastMix with PS-d5,1,2,5,,2021-05-22,meth/plastsolve.meth,meth/plastsolve.m6200,meth/peakident.ocm
Unknown,Pyro_PlastSolve-895,896,ZS-2049,2,2,6,,2021-05-22,meth/plastsolve.meth,meth/plastsolve.m6200,meth/peakident.ocm
Unknown,Pyro_PlastSolve-896,897,ZS-2022,2,2,7,,2021-05-22,meth/plastsolve.meth,meth/plastsolve.m6200,meth/peakident.ocm
Unknown,Pyro_PlastSolve-897,898,ZS-2223,4,2,8,,2021-05-22,meth/plastsolve.meth,meth/plastsolve.m6200,meth/peakident.ocm
Unknown,Pyro_PlastSolve-898,899,5 ug/mL PlastMix with PS-d5,1,2,1,,2021-06-16,meth/plastsolve.meth,meth/plastsolve.m6200,meth/peakident.ocm
Unknown,Pyro_PlastSolve-899,900,5 ug/mL PlastMix with PS-d5,1,2,2,,2021-06-16,meth/plastsolve.meth,meth/plastsolve.m6200,meth/peakident.ocm
Unknown,Pyro_PlastSolve-900,901,10 ug/mL PlastMix with PS-d5,1,2,3,,2021-06-16,meth/plastsolve.meth,meth/plastsolve.m6200,meth/peakident.ocm
Unknown,Pyro_PlastSolve-901,902,10 ug/mL PlastMix with PS-d5,1,2,4,,2021-06-16,meth/plastsolve.meth,meth/plastsolve.m6200,meth/peakident.ocm
Unknown,Pyro_PlastSolve-902,903,20 ug/mL PlastMix with PS-d5,1,2,5,,2021-06-16,meth/plastsolve.meth,meth/plastsolve.m6200,meth/peakident.ocm
Unknown,Pyro_PlastSolve-903,904,20 ug/mL PlastMix with PS-d5,1,2,6,,2021-06-16,meth/plastsolve.meth,meth/plastsolve.m6200,meth/peakident.ocm
Unknown,Pyro_PlastSolve-904,905,50 ug/mL PlastMix with PS-d5,1,2,7,,2021-06-16,meth/plastsolve.meth,meth/plastsolve.m6200,meth/peakident.ocm
Unknown,Pyro_PlastSolve-905,906,50 ug/mL PlastMix with PS-d5,1,2,8,,2021-06-16,meth/plastsolve.meth,meth/plastsolve.m6200,meth/peakident.ocm
Unknown,Pyro_PlastSolve-906,907,100 ug/mL PlastMix with PS-d5,1,2,9,,2021-06-16,meth/plastsolve.meth,meth/plastsolve.m6200,meth/peakident.ocm
Unknown,Pyro_PlastSolve-907,908,100 ug/mL PlastMix with PS-d5,1,2,10,,2021-06-16,meth/plastsolve.meth,meth/plastsolve.m6200,meth/peakident.ocm
Unknown,Pyro_PlastSolve-908,909,150 ug/mL PlastMix with PS-d5,1,2,11,,2021-06-16,meth/plastsolve.meth,meth/plastsolve.m6200,meth/peakident.ocm
Unknown,Pyro_PlastSolve-909,910,150 ug/mL PlastMix with PS-d5,1,2,12,,2021-06-16,meth/plastsolve.meth,meth/plastsolve.m6200,meth/peakident.ocm
Unknown,Pyro_PlastSolve-910,911,5 ug/mL PlastMix in LUFA 2.2,1,2,13,,2021-06-16,meth/plastsolve.meth,meth/plastsolve.m6200,meth/peakident.ocm
Unknown,Pyro_PlastSolve-911,912,5 ug/mL PlastMix in LUFA 2.2,1,2,14,,2021-06-16,meth/plastsolve.meth,meth/plastsolve.m6200,meth/peakident.ocm
Unknown,Pyro_PlastSolve-912,913,10 ug/mL PlastMix in LUFA 2.2,1,2,15,,2021-06-16,meth/plastsolve.meth,meth/plastsolve.m6200,meth/peakident.ocm
Unknown,Pyro_PlastSolve-913,914,10 ug/mL PlastMix in LUFA 2.2,1,2,16,,2021-06-16,meth/plastsolve.meth,meth/plastsolve.m6200,meth/peakident.ocm
Unknown,Pyro_PlastSolve-914,915,20 ug/mL PlastMix in LUFA 2.2,1,2,17,,2021-06-16,meth/plastsolve.meth,meth/plastsolve.m6200,meth/peakident.ocm
Unknown,Pyro_PlastSolve-915,916,20 ug/mL PlastMix in LUFA 2.2,1,2,18,,2021-06-16,meth/plastsolve.meth,meth/plastsolve.m6200,meth/peakident.ocm
Unknown,Pyro_PlastSolve-916,917,50 ug/mL PlastMix in LUFA 2.2,1,2,19,,2021-06-16,meth/plastsolve.meth,meth/plastsolve.m6200,meth/peakident.ocm
Unknown,Pyro_PlastSolve-917,918,50 ug/mL PlastMix in LUFA 2.2,1,2,20,,2021-06-16,meth/plastsolve.meth,meth/plastsolve.m6200,meth/peakident.ocm
Unknown,Pyro_PlastSolve-918,919,100 ug/mL PlastMix in LUFA 2.2,1,2,21,Solvent vapor loss,2021-06-16,meth/plastsolve.meth,meth/plastsolve.m6200,meth/peakident.ocm
Unknown,Pyro_PlastSolve-919,920,100 ug/mL PlastMix in LUFA 2.2,1,2,22,Solvent vapor loss,2021-06-16,meth/plastsolve.meth,meth/plastsolve.m6200,meth/peakident.ocm
Unknown,Pyro_PlastSolve-920,921,150 ug/mL PlastMix in LUFA 2.2,1,2,23,,2021-06-16,meth/plastsolve.meth,meth/plastsolve.m6200,meth/peakident.ocm
Unknown,Pyro_PlastSolve-921,922,150 ug/mL PlastMix in LUFA 2.2,1,2,24,,2021-06-16,meth/plastsolve.meth,meth/plastsolve.m6200,meth/peakident.ocm
Unknown,Pyro_PlastSolve-922,923,0 ug/mL PlastMix with PS-d5,1,2,1,,2021-06-29,meth/plastsolve.meth,meth/plastsolve.m6200,meth/peakident.ocm
Unknown,Pyro_PlastSolve-923,924,5 ug/mL PlastMix with PS-d5,1,2,2,,2021-06-29,meth/plastsolve.meth,meth/plastsolve.m6200,meth/peakident.ocm
Unknown,Pyro_PlastSolve-924,925,10 ug/mL PlastMix with PS-d5,1,2,3,,2021-06-29,meth/plastsolve.meth,meth/plastsolve.m6200,meth/peakident.ocm
Unknown,Pyro_PlastSolve-925,926,20 ug/mL PlastMix with PS-d5,1,2,4,,2021-06-29,meth/plastsolve.meth,meth/plastsolve.m6200,meth/peakident.ocm
Unknown,Pyro_PlastSolve-926,927,50 ug/mL PlastMix with PS-d5,1,2,5,,2021-06-29,meth/plastsolve.meth,meth/plastsolve.m6200,meth/peakident.ocm
Unknown,Pyro_PlastSolve-927,928,100 ug/mL PlastMix with PS-d5,1,2,6,,2021-06-29,meth/plastsolve.meth,meth/plastsolve.m6200,meth/peakident.ocm
Unknown,Pyro_PlastSolve-928,929,150 ug/mL PlastMix with PS-d5,1,2,7,,2021-06-29,meth/plastsolve.meth,meth/plastsolve.m6200,meth/peakident.ocm
Unknown,Pyro_PlastSolve-929,930,200 ug/mL PlastMix with PS-d5,1,2,8,,2021-06-29,meth/plastsolve.meth,meth/plastsolve.m6200,meth/peakident.ocm
Unknown,Pyro_PlastSolve-930,931,ZS-2049,1,2,9,,2021-06-29,meth/plastsolve.meth,meth/plastsolve.m6200,meth/peakident.ocm
Unknown,Pyro_PlastSolve-931,932,ZS-2117,1,2,10,,2021-06-29,meth/plastsolve.meth,meth/plastsolve.m6200,meth/peakident.ocm
Unknown,Pyro_PlastSolve-932,933,ZS-2223,1,2,11,,2021-06-29,meth/plastsolve.meth,meth/plastsolve.m6200,meth/peakident.ocm
